seed,target_pdp,snr_db,method,ber,shared_source,adaptation_blocks,adaptation_epochs,adaptation_optimizer,training_optimizer,learning_rate,support_size,rho,sigma,iadmm_iterations
2026,6,0.0,joint_particular_adaptation,0.3906755447387695,ordinary_joint_training_PDP0_to_PDP5,512,20,SGD,nan,0.01,512,nan,nan,nan
2026,6,2.0,joint_particular_adaptation,0.3552179336547851,ordinary_joint_training_PDP0_to_PDP5,512,20,SGD,nan,0.01,512,nan,nan,nan
2026,6,4.0,joint_particular_adaptation,0.3184118270874023,ordinary_joint_training_PDP0_to_PDP5,512,20,SGD,nan,0.01,512,nan,nan,nan
2026,6,6.0,joint_particular_adaptation,0.282205581665039,ordinary_joint_training_PDP0_to_PDP5,512,20,SGD,nan,0.01,512,nan,nan,nan
2026,6,8.0,joint_particular_adaptation,0.2458429336547851,ordinary_joint_training_PDP0_to_PDP5,512,20,SGD,nan,0.01,512,nan,nan,nan
2026,6,10.0,joint_particular_adaptation,0.2139844894409179,ordinary_joint_training_PDP0_to_PDP5,512,20,SGD,nan,0.01,512,nan,nan,nan
2026,6,12.0,joint_particular_adaptation,0.1913471221923828,ordinary_joint_training_PDP0_to_PDP5,512,20,SGD,nan,0.01,512,nan,nan,nan
2026,6,14.0,joint_particular_adaptation,0.1732025146484375,ordinary_joint_training_PDP0_to_PDP5,512,20,SGD,nan,0.01,512,nan,nan,nan
2026,6,16.0,joint_particular_adaptation,0.1616888046264648,ordinary_joint_training_PDP0_to_PDP5,512,20,SGD,nan,0.01,512,nan,nan,nan
2026,6,18.0,joint_particular_adaptation,0.1523504257202148,ordinary_joint_training_PDP0_to_PDP5,512,20,SGD,nan,0.01,512,nan,nan,nan
2026,6,20.0,joint_particular_adaptation,0.1495237350463867,ordinary_joint_training_PDP0_to_PDP5,512,20,SGD,nan,0.01,512,nan,nan,nan
2026,6,0.0,algorithm1_particular_adaptation,0.3663082122802734,Algorithm1_iADMM_PDP0_to_PDP5,512,20,SGD,nan,0.01,512,1200.0,20.0,5000.0
2026,6,2.0,algorithm1_particular_adaptation,0.3215351104736328,Algorithm1_iADMM_PDP0_to_PDP5,512,20,SGD,nan,0.01,512,1200.0,20.0,5000.0
2026,6,4.0,algorithm1_particular_adaptation,0.2754631042480469,Algorithm1_iADMM_PDP0_to_PDP5,512,20,SGD,nan,0.01,512,1200.0,20.0,5000.0
2026,6,6.0,algorithm1_particular_adaptation,0.2286548614501953,Algorithm1_iADMM_PDP0_to_PDP5,512,20,SGD,nan,0.01,512,1200.0,20.0,5000.0
2026,6,8.0,algorithm1_particular_adaptation,0.1847953796386718,Algorithm1_iADMM_PDP0_to_PDP5,512,20,SGD,nan,0.01,512,1200.0,20.0,5000.0
2026,6,10.0,algorithm1_particular_adaptation,0.1475086212158203,Algorithm1_iADMM_PDP0_to_PDP5,512,20,SGD,nan,0.01,512,1200.0,20.0,5000.0
2026,6,12.0,algorithm1_particular_adaptation,0.1188154220581054,Algorithm1_iADMM_PDP0_to_PDP5,512,20,SGD,nan,0.01,512,1200.0,20.0,5000.0
2026,6,14.0,algorithm1_particular_adaptation,0.0991363525390625,Algorithm1_iADMM_PDP0_to_PDP5,512,20,SGD,nan,0.01,512,1200.0,20.0,5000.0
2026,6,16.0,algorithm1_particular_adaptation,0.0850124359130859,Algorithm1_iADMM_PDP0_to_PDP5,512,20,SGD,nan,0.01,512,1200.0,20.0,5000.0
2026,6,18.0,algorithm1_particular_adaptation,0.0761528015136718,Algorithm1_iADMM_PDP0_to_PDP5,512,20,SGD,nan,0.01,512,1200.0,20.0,5000.0
2026,6,20.0,algorithm1_particular_adaptation,0.070322036743164,Algorithm1_iADMM_PDP0_to_PDP5,512,20,SGD,nan,0.01,512,1200.0,20.0,5000.0
2026,6,0.0,joint_particular_adaptation,0.3898286819458008,ordinary_joint_training_PDP0_to_PDP5,1024,20,SGD,nan,0.01,1024,nan,nan,nan
2026,6,2.0,joint_particular_adaptation,0.3539943695068359,ordinary_joint_training_PDP0_to_PDP5,1024,20,SGD,nan,0.01,1024,nan,nan,nan
2026,6,4.0,joint_particular_adaptation,0.3183536529541015,ordinary_joint_training_PDP0_to_PDP5,1024,20,SGD,nan,0.01,1024,nan,nan,nan
2026,6,6.0,joint_particular_adaptation,0.2815074920654297,ordinary_joint_training_PDP0_to_PDP5,1024,20,SGD,nan,0.01,1024,nan,nan,nan
2026,6,8.0,joint_particular_adaptation,0.2449712753295898,ordinary_joint_training_PDP0_to_PDP5,1024,20,SGD,nan,0.01,1024,nan,nan,nan
2026,6,10.0,joint_particular_adaptation,0.2137393951416015,ordinary_joint_training_PDP0_to_PDP5,1024,20,SGD,nan,0.01,1024,nan,nan,nan
2026,6,12.0,joint_particular_adaptation,0.1906089782714843,ordinary_joint_training_PDP0_to_PDP5,1024,20,SGD,nan,0.01,1024,nan,nan,nan
2026,6,14.0,joint_particular_adaptation,0.1722297668457031,ordinary_joint_training_PDP0_to_PDP5,1024,20,SGD,nan,0.01,1024,nan,nan,nan
2026,6,16.0,joint_particular_adaptation,0.1606340408325195,ordinary_joint_training_PDP0_to_PDP5,1024,20,SGD,nan,0.01,1024,nan,nan,nan
2026,6,18.0,joint_particular_adaptation,0.1502037048339843,ordinary_joint_training_PDP0_to_PDP5,1024,20,SGD,nan,0.01,1024,nan,nan,nan
2026,6,20.0,joint_particular_adaptation,0.1481580734252929,ordinary_joint_training_PDP0_to_PDP5,1024,20,SGD,nan,0.01,1024,nan,nan,nan
2026,6,0.0,algorithm1_particular_adaptation,0.3652181625366211,Algorithm1_iADMM_PDP0_to_PDP5,1024,20,SGD,nan,0.01,1024,1200.0,20.0,5000.0
2026,6,2.0,algorithm1_particular_adaptation,0.3206939697265625,Algorithm1_iADMM_PDP0_to_PDP5,1024,20,SGD,nan,0.01,1024,1200.0,20.0,5000.0
2026,6,4.0,algorithm1_particular_adaptation,0.2744951248168945,Algorithm1_iADMM_PDP0_to_PDP5,1024,20,SGD,nan,0.01,1024,1200.0,20.0,5000.0
2026,6,6.0,algorithm1_particular_adaptation,0.2284765243530273,Algorithm1_iADMM_PDP0_to_PDP5,1024,20,SGD,nan,0.01,1024,1200.0,20.0,5000.0
2026,6,8.0,algorithm1_particular_adaptation,0.1835622787475586,Algorithm1_iADMM_PDP0_to_PDP5,1024,20,SGD,nan,0.01,1024,1200.0,20.0,5000.0
2026,6,10.0,algorithm1_particular_adaptation,0.1455297470092773,Algorithm1_iADMM_PDP0_to_PDP5,1024,20,SGD,nan,0.01,1024,1200.0,20.0,5000.0
2026,6,12.0,algorithm1_particular_adaptation,0.1172189712524414,Algorithm1_iADMM_PDP0_to_PDP5,1024,20,SGD,nan,0.01,1024,1200.0,20.0,5000.0
2026,6,14.0,algorithm1_particular_adaptation,0.0976285934448242,Algorithm1_iADMM_PDP0_to_PDP5,1024,20,SGD,nan,0.01,1024,1200.0,20.0,5000.0
2026,6,16.0,algorithm1_particular_adaptation,0.0829715728759765,Algorithm1_iADMM_PDP0_to_PDP5,1024,20,SGD,nan,0.01,1024,1200.0,20.0,5000.0
2026,6,18.0,algorithm1_particular_adaptation,0.0744104385375976,Algorithm1_iADMM_PDP0_to_PDP5,1024,20,SGD,nan,0.01,1024,1200.0,20.0,5000.0
2026,6,20.0,algorithm1_particular_adaptation,0.0688123703002929,Algorithm1_iADMM_PDP0_to_PDP5,1024,20,SGD,nan,0.01,1024,1200.0,20.0,5000.0
2026,6,0.0,joint_particular_adaptation,0.3897409439086914,ordinary_joint_training_PDP0_to_PDP5,2048,20,SGD,nan,0.01,2048,nan,nan,nan
2026,6,2.0,joint_particular_adaptation,0.3522710800170898,ordinary_joint_training_PDP0_to_PDP5,2048,20,SGD,nan,0.01,2048,nan,nan,nan
2026,6,4.0,joint_particular_adaptation,0.3169775009155273,ordinary_joint_training_PDP0_to_PDP5,2048,20,SGD,nan,0.01,2048,nan,nan,nan
2026,6,6.0,joint_particular_adaptation,0.2803382873535156,ordinary_joint_training_PDP0_to_PDP5,2048,20,SGD,nan,0.01,2048,nan,nan,nan
2026,6,8.0,joint_particular_adaptation,0.2425031661987304,ordinary_joint_training_PDP0_to_PDP5,2048,20,SGD,nan,0.01,2048,nan,nan,nan
2026,6,10.0,joint_particular_adaptation,0.2112483978271484,ordinary_joint_training_PDP0_to_PDP5,2048,20,SGD,nan,0.01,2048,nan,nan,nan
2026,6,12.0,joint_particular_adaptation,0.1888904571533203,ordinary_joint_training_PDP0_to_PDP5,2048,20,SGD,nan,0.01,2048,nan,nan,nan
2026,6,14.0,joint_particular_adaptation,0.1703405380249023,ordinary_joint_training_PDP0_to_PDP5,2048,20,SGD,nan,0.01,2048,nan,nan,nan
2026,6,16.0,joint_particular_adaptation,0.1581382751464843,ordinary_joint_training_PDP0_to_PDP5,2048,20,SGD,nan,0.01,2048,nan,nan,nan
2026,6,18.0,joint_particular_adaptation,0.1490354537963867,ordinary_joint_training_PDP0_to_PDP5,2048,20,SGD,nan,0.01,2048,nan,nan,nan
2026,6,20.0,joint_particular_adaptation,0.1460742950439453,ordinary_joint_training_PDP0_to_PDP5,2048,20,SGD,nan,0.01,2048,nan,nan,nan
2026,6,0.0,algorithm1_particular_adaptation,0.3636188507080078,Algorithm1_iADMM_PDP0_to_PDP5,2048,20,SGD,nan,0.01,2048,1200.0,20.0,5000.0
2026,6,2.0,algorithm1_particular_adaptation,0.3171491622924804,Algorithm1_iADMM_PDP0_to_PDP5,2048,20,SGD,nan,0.01,2048,1200.0,20.0,5000.0
2026,6,4.0,algorithm1_particular_adaptation,0.2719964981079101,Algorithm1_iADMM_PDP0_to_PDP5,2048,20,SGD,nan,0.01,2048,1200.0,20.0,5000.0
2026,6,6.0,algorithm1_particular_adaptation,0.2250499725341797,Algorithm1_iADMM_PDP0_to_PDP5,2048,20,SGD,nan,0.01,2048,1200.0,20.0,5000.0
2026,6,8.0,algorithm1_particular_adaptation,0.1797685623168945,Algorithm1_iADMM_PDP0_to_PDP5,2048,20,SGD,nan,0.01,2048,1200.0,20.0,5000.0
2026,6,10.0,algorithm1_particular_adaptation,0.1428747177124023,Algorithm1_iADMM_PDP0_to_PDP5,2048,20,SGD,nan,0.01,2048,1200.0,20.0,5000.0
2026,6,12.0,algorithm1_particular_adaptation,0.1152009963989257,Algorithm1_iADMM_PDP0_to_PDP5,2048,20,SGD,nan,0.01,2048,1200.0,20.0,5000.0
2026,6,14.0,algorithm1_particular_adaptation,0.0950307846069336,Algorithm1_iADMM_PDP0_to_PDP5,2048,20,SGD,nan,0.01,2048,1200.0,20.0,5000.0
2026,6,16.0,algorithm1_particular_adaptation,0.0807018280029296,Algorithm1_iADMM_PDP0_to_PDP5,2048,20,SGD,nan,0.01,2048,1200.0,20.0,5000.0
2026,6,18.0,algorithm1_particular_adaptation,0.0725536346435546,Algorithm1_iADMM_PDP0_to_PDP5,2048,20,SGD,nan,0.01,2048,1200.0,20.0,5000.0
2026,6,20.0,algorithm1_particular_adaptation,0.0668115615844726,Algorithm1_iADMM_PDP0_to_PDP5,2048,20,SGD,nan,0.01,2048,1200.0,20.0,5000.0
2026,6,0.0,joint_particular_adaptation,0.3881464004516601,ordinary_joint_training_PDP0_to_PDP5,4096,20,SGD,nan,0.01,4096,nan,nan,nan
2026,6,2.0,joint_particular_adaptation,0.3518648147583008,ordinary_joint_training_PDP0_to_PDP5,4096,20,SGD,nan,0.01,4096,nan,nan,nan
2026,6,4.0,joint_particular_adaptation,0.3153600692749023,ordinary_joint_training_PDP0_to_PDP5,4096,20,SGD,nan,0.01,4096,nan,nan,nan
2026,6,6.0,joint_particular_adaptation,0.2774438858032226,ordinary_joint_training_PDP0_to_PDP5,4096,20,SGD,nan,0.01,4096,nan,nan,nan
2026,6,8.0,joint_particular_adaptation,0.2402639389038086,ordinary_joint_training_PDP0_to_PDP5,4096,20,SGD,nan,0.01,4096,nan,nan,nan
2026,6,10.0,joint_particular_adaptation,0.2085590362548828,ordinary_joint_training_PDP0_to_PDP5,4096,20,SGD,nan,0.01,4096,nan,nan,nan
2026,6,12.0,joint_particular_adaptation,0.1858768463134765,ordinary_joint_training_PDP0_to_PDP5,4096,20,SGD,nan,0.01,4096,nan,nan,nan
2026,6,14.0,joint_particular_adaptation,0.166630744934082,ordinary_joint_training_PDP0_to_PDP5,4096,20,SGD,nan,0.01,4096,nan,nan,nan
2026,6,16.0,joint_particular_adaptation,0.1554861068725586,ordinary_joint_training_PDP0_to_PDP5,4096,20,SGD,nan,0.01,4096,nan,nan,nan
2026,6,18.0,joint_particular_adaptation,0.1454496383666992,ordinary_joint_training_PDP0_to_PDP5,4096,20,SGD,nan,0.01,4096,nan,nan,nan
2026,6,20.0,joint_particular_adaptation,0.1428747177124023,ordinary_joint_training_PDP0_to_PDP5,4096,20,SGD,nan,0.01,4096,nan,nan,nan
2026,6,0.0,algorithm1_particular_adaptation,0.3615779876708984,Algorithm1_iADMM_PDP0_to_PDP5,4096,20,SGD,nan,0.01,4096,1200.0,20.0,5000.0
2026,6,2.0,algorithm1_particular_adaptation,0.3155155181884765,Algorithm1_iADMM_PDP0_to_PDP5,4096,20,SGD,nan,0.01,4096,1200.0,20.0,5000.0
2026,6,4.0,algorithm1_particular_adaptation,0.2692031860351562,Algorithm1_iADMM_PDP0_to_PDP5,4096,20,SGD,nan,0.01,4096,1200.0,20.0,5000.0
2026,6,6.0,algorithm1_particular_adaptation,0.2222633361816406,Algorithm1_iADMM_PDP0_to_PDP5,4096,20,SGD,nan,0.01,4096,1200.0,20.0,5000.0
2026,6,8.0,algorithm1_particular_adaptation,0.1776161193847656,Algorithm1_iADMM_PDP0_to_PDP5,4096,20,SGD,nan,0.01,4096,1200.0,20.0,5000.0
2026,6,10.0,algorithm1_particular_adaptation,0.1388263702392578,Algorithm1_iADMM_PDP0_to_PDP5,4096,20,SGD,nan,0.01,4096,1200.0,20.0,5000.0
2026,6,12.0,algorithm1_particular_adaptation,0.1117696762084961,Algorithm1_iADMM_PDP0_to_PDP5,4096,20,SGD,nan,0.01,4096,1200.0,20.0,5000.0
2026,6,14.0,algorithm1_particular_adaptation,0.0919036865234375,Algorithm1_iADMM_PDP0_to_PDP5,4096,20,SGD,nan,0.01,4096,1200.0,20.0,5000.0
2026,6,16.0,algorithm1_particular_adaptation,0.0783004760742187,Algorithm1_iADMM_PDP0_to_PDP5,4096,20,SGD,nan,0.01,4096,1200.0,20.0,5000.0
2026,6,18.0,algorithm1_particular_adaptation,0.0693740844726562,Algorithm1_iADMM_PDP0_to_PDP5,4096,20,SGD,nan,0.01,4096,1200.0,20.0,5000.0
2026,6,20.0,algorithm1_particular_adaptation,0.0640373229980468,Algorithm1_iADMM_PDP0_to_PDP5,4096,20,SGD,nan,0.01,4096,1200.0,20.0,5000.0
2026,6,0.0,joint_particular_adaptation,0.386815071105957,ordinary_joint_training_PDP0_to_PDP5,8192,20,SGD,nan,0.01,8192,nan,nan,nan
2026,6,2.0,joint_particular_adaptation,0.3496465682983398,ordinary_joint_training_PDP0_to_PDP5,8192,20,SGD,nan,0.01,8192,nan,nan,nan
2026,6,4.0,joint_particular_adaptation,0.311899185180664,ordinary_joint_training_PDP0_to_PDP5,8192,20,SGD,nan,0.01,8192,nan,nan,nan
2026,6,6.0,joint_particular_adaptation,0.2739458084106445,ordinary_joint_training_PDP0_to_PDP5,8192,20,SGD,nan,0.01,8192,nan,nan,nan
2026,6,8.0,joint_particular_adaptation,0.2372407913208007,ordinary_joint_training_PDP0_to_PDP5,8192,20,SGD,nan,0.01,8192,nan,nan,nan
2026,6,10.0,joint_particular_adaptation,0.2051496505737304,ordinary_joint_training_PDP0_to_PDP5,8192,20,SGD,nan,0.01,8192,nan,nan,nan
2026,6,12.0,joint_particular_adaptation,0.1818294525146484,ordinary_joint_training_PDP0_to_PDP5,8192,20,SGD,nan,0.01,8192,nan,nan,nan
2026,6,14.0,joint_particular_adaptation,0.1630573272705078,ordinary_joint_training_PDP0_to_PDP5,8192,20,SGD,nan,0.01,8192,nan,nan,nan
2026,6,16.0,joint_particular_adaptation,0.1511802673339843,ordinary_joint_training_PDP0_to_PDP5,8192,20,SGD,nan,0.01,8192,nan,nan,nan
2026,6,18.0,joint_particular_adaptation,0.1415891647338867,ordinary_joint_training_PDP0_to_PDP5,8192,20,SGD,nan,0.01,8192,nan,nan,nan
2026,6,20.0,joint_particular_adaptation,0.1385660171508789,ordinary_joint_training_PDP0_to_PDP5,8192,20,SGD,nan,0.01,8192,nan,nan,nan
2026,6,0.0,algorithm1_particular_adaptation,0.3599166870117187,Algorithm1_iADMM_PDP0_to_PDP5,8192,20,SGD,nan,0.01,8192,1200.0,20.0,5000.0
2026,6,2.0,algorithm1_particular_adaptation,0.3128061294555664,Algorithm1_iADMM_PDP0_to_PDP5,8192,20,SGD,nan,0.01,8192,1200.0,20.0,5000.0
2026,6,4.0,algorithm1_particular_adaptation,0.2669019699096679,Algorithm1_iADMM_PDP0_to_PDP5,8192,20,SGD,nan,0.01,8192,1200.0,20.0,5000.0
2026,6,6.0,algorithm1_particular_adaptation,0.2192058563232422,Algorithm1_iADMM_PDP0_to_PDP5,8192,20,SGD,nan,0.01,8192,1200.0,20.0,5000.0
2026,6,8.0,algorithm1_particular_adaptation,0.173222541809082,Algorithm1_iADMM_PDP0_to_PDP5,8192,20,SGD,nan,0.01,8192,1200.0,20.0,5000.0
2026,6,10.0,algorithm1_particular_adaptation,0.1360235214233398,Algorithm1_iADMM_PDP0_to_PDP5,8192,20,SGD,nan,0.01,8192,1200.0,20.0,5000.0
2026,6,12.0,algorithm1_particular_adaptation,0.1086626052856445,Algorithm1_iADMM_PDP0_to_PDP5,8192,20,SGD,nan,0.01,8192,1200.0,20.0,5000.0
2026,6,14.0,algorithm1_particular_adaptation,0.0890178680419921,Algorithm1_iADMM_PDP0_to_PDP5,8192,20,SGD,nan,0.01,8192,1200.0,20.0,5000.0
2026,6,16.0,algorithm1_particular_adaptation,0.0752992630004882,Algorithm1_iADMM_PDP0_to_PDP5,8192,20,SGD,nan,0.01,8192,1200.0,20.0,5000.0
2026,6,18.0,algorithm1_particular_adaptation,0.0665292739868164,Algorithm1_iADMM_PDP0_to_PDP5,8192,20,SGD,nan,0.01,8192,1200.0,20.0,5000.0
2026,6,20.0,algorithm1_particular_adaptation,0.0610427856445312,Algorithm1_iADMM_PDP0_to_PDP5,8192,20,SGD,nan,0.01,8192,1200.0,20.0,5000.0
2026,7,0.0,joint_particular_adaptation,0.3931589126586914,ordinary_joint_training_PDP0_to_PDP5,512,20,SGD,nan,0.01,512,nan,nan,nan
2026,7,2.0,joint_particular_adaptation,0.3601579666137695,ordinary_joint_training_PDP0_to_PDP5,512,20,SGD,nan,0.01,512,nan,nan,nan
2026,7,4.0,joint_particular_adaptation,0.3215503692626953,ordinary_joint_training_PDP0_to_PDP5,512,20,SGD,nan,0.01,512,nan,nan,nan
2026,7,6.0,joint_particular_adaptation,0.2864437103271484,ordinary_joint_training_PDP0_to_PDP5,512,20,SGD,nan,0.01,512,nan,nan,nan
2026,7,8.0,joint_particular_adaptation,0.2501487731933594,ordinary_joint_training_PDP0_to_PDP5,512,20,SGD,nan,0.01,512,nan,nan,nan
2026,7,10.0,joint_particular_adaptation,0.2199163436889648,ordinary_joint_training_PDP0_to_PDP5,512,20,SGD,nan,0.01,512,nan,nan,nan
2026,7,12.0,joint_particular_adaptation,0.1993265151977539,ordinary_joint_training_PDP0_to_PDP5,512,20,SGD,nan,0.01,512,nan,nan,nan
2026,7,14.0,joint_particular_adaptation,0.1823015213012695,ordinary_joint_training_PDP0_to_PDP5,512,20,SGD,nan,0.01,512,nan,nan,nan
2026,7,16.0,joint_particular_adaptation,0.1693840026855468,ordinary_joint_training_PDP0_to_PDP5,512,20,SGD,nan,0.01,512,nan,nan,nan
2026,7,18.0,joint_particular_adaptation,0.1619815826416015,ordinary_joint_training_PDP0_to_PDP5,512,20,SGD,nan,0.01,512,nan,nan,nan
2026,7,20.0,joint_particular_adaptation,0.1572141647338867,ordinary_joint_training_PDP0_to_PDP5,512,20,SGD,nan,0.01,512,nan,nan,nan
2026,7,0.0,algorithm1_particular_adaptation,0.3653879165649414,Algorithm1_iADMM_PDP0_to_PDP5,512,20,SGD,nan,0.01,512,1200.0,20.0,5000.0
2026,7,2.0,algorithm1_particular_adaptation,0.3222894668579101,Algorithm1_iADMM_PDP0_to_PDP5,512,20,SGD,nan,0.01,512,1200.0,20.0,5000.0
2026,7,4.0,algorithm1_particular_adaptation,0.2742462158203125,Algorithm1_iADMM_PDP0_to_PDP5,512,20,SGD,nan,0.01,512,1200.0,20.0,5000.0
2026,7,6.0,algorithm1_particular_adaptation,0.227914810180664,Algorithm1_iADMM_PDP0_to_PDP5,512,20,SGD,nan,0.01,512,1200.0,20.0,5000.0
2026,7,8.0,algorithm1_particular_adaptation,0.1839628219604492,Algorithm1_iADMM_PDP0_to_PDP5,512,20,SGD,nan,0.01,512,1200.0,20.0,5000.0
2026,7,10.0,algorithm1_particular_adaptation,0.1477279663085937,Algorithm1_iADMM_PDP0_to_PDP5,512,20,SGD,nan,0.01,512,1200.0,20.0,5000.0
2026,7,12.0,algorithm1_particular_adaptation,0.1214303970336914,Algorithm1_iADMM_PDP0_to_PDP5,512,20,SGD,nan,0.01,512,1200.0,20.0,5000.0
2026,7,14.0,algorithm1_particular_adaptation,0.1008386611938476,Algorithm1_iADMM_PDP0_to_PDP5,512,20,SGD,nan,0.01,512,1200.0,20.0,5000.0
2026,7,16.0,algorithm1_particular_adaptation,0.0868873596191406,Algorithm1_iADMM_PDP0_to_PDP5,512,20,SGD,nan,0.01,512,1200.0,20.0,5000.0
2026,7,18.0,algorithm1_particular_adaptation,0.0781488418579101,Algorithm1_iADMM_PDP0_to_PDP5,512,20,SGD,nan,0.01,512,1200.0,20.0,5000.0
2026,7,20.0,algorithm1_particular_adaptation,0.0733938217163086,Algorithm1_iADMM_PDP0_to_PDP5,512,20,SGD,nan,0.01,512,1200.0,20.0,5000.0
2026,7,0.0,joint_particular_adaptation,0.3919687271118164,ordinary_joint_training_PDP0_to_PDP5,1024,20,SGD,nan,0.01,1024,nan,nan,nan
2026,7,2.0,joint_particular_adaptation,0.3593196868896484,ordinary_joint_training_PDP0_to_PDP5,1024,20,SGD,nan,0.01,1024,nan,nan,nan
2026,7,4.0,joint_particular_adaptation,0.3206701278686523,ordinary_joint_training_PDP0_to_PDP5,1024,20,SGD,nan,0.01,1024,nan,nan,nan
2026,7,6.0,joint_particular_adaptation,0.2850246429443359,ordinary_joint_training_PDP0_to_PDP5,1024,20,SGD,nan,0.01,1024,nan,nan,nan
2026,7,8.0,joint_particular_adaptation,0.2477121353149414,ordinary_joint_training_PDP0_to_PDP5,1024,20,SGD,nan,0.01,1024,nan,nan,nan
2026,7,10.0,joint_particular_adaptation,0.2189245223999023,ordinary_joint_training_PDP0_to_PDP5,1024,20,SGD,nan,0.01,1024,nan,nan,nan
2026,7,12.0,joint_particular_adaptation,0.1981315612792968,ordinary_joint_training_PDP0_to_PDP5,1024,20,SGD,nan,0.01,1024,nan,nan,nan
2026,7,14.0,joint_particular_adaptation,0.1812210083007812,ordinary_joint_training_PDP0_to_PDP5,1024,20,SGD,nan,0.01,1024,nan,nan,nan
2026,7,16.0,joint_particular_adaptation,0.1687221527099609,ordinary_joint_training_PDP0_to_PDP5,1024,20,SGD,nan,0.01,1024,nan,nan,nan
2026,7,18.0,joint_particular_adaptation,0.1609449386596679,ordinary_joint_training_PDP0_to_PDP5,1024,20,SGD,nan,0.01,1024,nan,nan,nan
2026,7,20.0,joint_particular_adaptation,0.1563863754272461,ordinary_joint_training_PDP0_to_PDP5,1024,20,SGD,nan,0.01,1024,nan,nan,nan
2026,7,0.0,algorithm1_particular_adaptation,0.3637971878051758,Algorithm1_iADMM_PDP0_to_PDP5,1024,20,SGD,nan,0.01,1024,1200.0,20.0,5000.0
2026,7,2.0,algorithm1_particular_adaptation,0.3211545944213867,Algorithm1_iADMM_PDP0_to_PDP5,1024,20,SGD,nan,0.01,1024,1200.0,20.0,5000.0
2026,7,4.0,algorithm1_particular_adaptation,0.2726192474365234,Algorithm1_iADMM_PDP0_to_PDP5,1024,20,SGD,nan,0.01,1024,1200.0,20.0,5000.0
2026,7,6.0,algorithm1_particular_adaptation,0.2268056869506836,Algorithm1_iADMM_PDP0_to_PDP5,1024,20,SGD,nan,0.01,1024,1200.0,20.0,5000.0
2026,7,8.0,algorithm1_particular_adaptation,0.1818828582763672,Algorithm1_iADMM_PDP0_to_PDP5,1024,20,SGD,nan,0.01,1024,1200.0,20.0,5000.0
2026,7,10.0,algorithm1_particular_adaptation,0.1460494995117187,Algorithm1_iADMM_PDP0_to_PDP5,1024,20,SGD,nan,0.01,1024,1200.0,20.0,5000.0
2026,7,12.0,algorithm1_particular_adaptation,0.1200923919677734,Algorithm1_iADMM_PDP0_to_PDP5,1024,20,SGD,nan,0.01,1024,1200.0,20.0,5000.0
2026,7,14.0,algorithm1_particular_adaptation,0.0993499755859375,Algorithm1_iADMM_PDP0_to_PDP5,1024,20,SGD,nan,0.01,1024,1200.0,20.0,5000.0
2026,7,16.0,algorithm1_particular_adaptation,0.0855636596679687,Algorithm1_iADMM_PDP0_to_PDP5,1024,20,SGD,nan,0.01,1024,1200.0,20.0,5000.0
2026,7,18.0,algorithm1_particular_adaptation,0.0768423080444336,Algorithm1_iADMM_PDP0_to_PDP5,1024,20,SGD,nan,0.01,1024,1200.0,20.0,5000.0
2026,7,20.0,algorithm1_particular_adaptation,0.0720252990722656,Algorithm1_iADMM_PDP0_to_PDP5,1024,20,SGD,nan,0.01,1024,1200.0,20.0,5000.0
2026,7,0.0,joint_particular_adaptation,0.3917417526245117,ordinary_joint_training_PDP0_to_PDP5,2048,20,SGD,nan,0.01,2048,nan,nan,nan
2026,7,2.0,joint_particular_adaptation,0.3587255477905273,ordinary_joint_training_PDP0_to_PDP5,2048,20,SGD,nan,0.01,2048,nan,nan,nan
2026,7,4.0,joint_particular_adaptation,0.3191671371459961,ordinary_joint_training_PDP0_to_PDP5,2048,20,SGD,nan,0.01,2048,nan,nan,nan
2026,7,6.0,joint_particular_adaptation,0.2845869064331054,ordinary_joint_training_PDP0_to_PDP5,2048,20,SGD,nan,0.01,2048,nan,nan,nan
2026,7,8.0,joint_particular_adaptation,0.2471141815185547,ordinary_joint_training_PDP0_to_PDP5,2048,20,SGD,nan,0.01,2048,nan,nan,nan
2026,7,10.0,joint_particular_adaptation,0.2175970077514648,ordinary_joint_training_PDP0_to_PDP5,2048,20,SGD,nan,0.01,2048,nan,nan,nan
2026,7,12.0,joint_particular_adaptation,0.196725845336914,ordinary_joint_training_PDP0_to_PDP5,2048,20,SGD,nan,0.01,2048,nan,nan,nan
2026,7,14.0,joint_particular_adaptation,0.1803436279296875,ordinary_joint_training_PDP0_to_PDP5,2048,20,SGD,nan,0.01,2048,nan,nan,nan
2026,7,16.0,joint_particular_adaptation,0.167205810546875,ordinary_joint_training_PDP0_to_PDP5,2048,20,SGD,nan,0.01,2048,nan,nan,nan
2026,7,18.0,joint_particular_adaptation,0.1594886779785156,ordinary_joint_training_PDP0_to_PDP5,2048,20,SGD,nan,0.01,2048,nan,nan,nan
2026,7,20.0,joint_particular_adaptation,0.1551761627197265,ordinary_joint_training_PDP0_to_PDP5,2048,20,SGD,nan,0.01,2048,nan,nan,nan
2026,7,0.0,algorithm1_particular_adaptation,0.3635025024414062,Algorithm1_iADMM_PDP0_to_PDP5,2048,20,SGD,nan,0.01,2048,1200.0,20.0,5000.0
2026,7,2.0,algorithm1_particular_adaptation,0.3187265396118164,Algorithm1_iADMM_PDP0_to_PDP5,2048,20,SGD,nan,0.01,2048,1200.0,20.0,5000.0
2026,7,4.0,algorithm1_particular_adaptation,0.2698373794555664,Algorithm1_iADMM_PDP0_to_PDP5,2048,20,SGD,nan,0.01,2048,1200.0,20.0,5000.0
2026,7,6.0,algorithm1_particular_adaptation,0.2239637374877929,Algorithm1_iADMM_PDP0_to_PDP5,2048,20,SGD,nan,0.01,2048,1200.0,20.0,5000.0
2026,7,8.0,algorithm1_particular_adaptation,0.1793966293334961,Algorithm1_iADMM_PDP0_to_PDP5,2048,20,SGD,nan,0.01,2048,1200.0,20.0,5000.0
2026,7,10.0,algorithm1_particular_adaptation,0.1442117691040039,Algorithm1_iADMM_PDP0_to_PDP5,2048,20,SGD,nan,0.01,2048,1200.0,20.0,5000.0
2026,7,12.0,algorithm1_particular_adaptation,0.1172380447387695,Algorithm1_iADMM_PDP0_to_PDP5,2048,20,SGD,nan,0.01,2048,1200.0,20.0,5000.0
2026,7,14.0,algorithm1_particular_adaptation,0.0972719192504882,Algorithm1_iADMM_PDP0_to_PDP5,2048,20,SGD,nan,0.01,2048,1200.0,20.0,5000.0
2026,7,16.0,algorithm1_particular_adaptation,0.083597183227539,Algorithm1_iADMM_PDP0_to_PDP5,2048,20,SGD,nan,0.01,2048,1200.0,20.0,5000.0
2026,7,18.0,algorithm1_particular_adaptation,0.0747308731079101,Algorithm1_iADMM_PDP0_to_PDP5,2048,20,SGD,nan,0.01,2048,1200.0,20.0,5000.0
2026,7,20.0,algorithm1_particular_adaptation,0.0700139999389648,Algorithm1_iADMM_PDP0_to_PDP5,2048,20,SGD,nan,0.01,2048,1200.0,20.0,5000.0
2026,7,0.0,joint_particular_adaptation,0.3911323547363281,ordinary_joint_training_PDP0_to_PDP5,4096,20,SGD,nan,0.01,4096,nan,nan,nan
2026,7,2.0,joint_particular_adaptation,0.356999397277832,ordinary_joint_training_PDP0_to_PDP5,4096,20,SGD,nan,0.01,4096,nan,nan,nan
2026,7,4.0,joint_particular_adaptation,0.3188610076904297,ordinary_joint_training_PDP0_to_PDP5,4096,20,SGD,nan,0.01,4096,nan,nan,nan
2026,7,6.0,joint_particular_adaptation,0.282811164855957,ordinary_joint_training_PDP0_to_PDP5,4096,20,SGD,nan,0.01,4096,nan,nan,nan
2026,7,8.0,joint_particular_adaptation,0.245279312133789,ordinary_joint_training_PDP0_to_PDP5,4096,20,SGD,nan,0.01,4096,nan,nan,nan
2026,7,10.0,joint_particular_adaptation,0.2161359786987304,ordinary_joint_training_PDP0_to_PDP5,4096,20,SGD,nan,0.01,4096,nan,nan,nan
2026,7,12.0,joint_particular_adaptation,0.1939277648925781,ordinary_joint_training_PDP0_to_PDP5,4096,20,SGD,nan,0.01,4096,nan,nan,nan
2026,7,14.0,joint_particular_adaptation,0.177891731262207,ordinary_joint_training_PDP0_to_PDP5,4096,20,SGD,nan,0.01,4096,nan,nan,nan
2026,7,16.0,joint_particular_adaptation,0.1650371551513672,ordinary_joint_training_PDP0_to_PDP5,4096,20,SGD,nan,0.01,4096,nan,nan,nan
2026,7,18.0,joint_particular_adaptation,0.157017707824707,ordinary_joint_training_PDP0_to_PDP5,4096,20,SGD,nan,0.01,4096,nan,nan,nan
2026,7,20.0,joint_particular_adaptation,0.1526708602905273,ordinary_joint_training_PDP0_to_PDP5,4096,20,SGD,nan,0.01,4096,nan,nan,nan
2026,7,0.0,algorithm1_particular_adaptation,0.3611078262329101,Algorithm1_iADMM_PDP0_to_PDP5,4096,20,SGD,nan,0.01,4096,1200.0,20.0,5000.0
2026,7,2.0,algorithm1_particular_adaptation,0.3174152374267578,Algorithm1_iADMM_PDP0_to_PDP5,4096,20,SGD,nan,0.01,4096,1200.0,20.0,5000.0
2026,7,4.0,algorithm1_particular_adaptation,0.267643928527832,Algorithm1_iADMM_PDP0_to_PDP5,4096,20,SGD,nan,0.01,4096,1200.0,20.0,5000.0
2026,7,6.0,algorithm1_particular_adaptation,0.2205324172973632,Algorithm1_iADMM_PDP0_to_PDP5,4096,20,SGD,nan,0.01,4096,1200.0,20.0,5000.0
2026,7,8.0,algorithm1_particular_adaptation,0.1767587661743164,Algorithm1_iADMM_PDP0_to_PDP5,4096,20,SGD,nan,0.01,4096,1200.0,20.0,5000.0
2026,7,10.0,algorithm1_particular_adaptation,0.1407270431518554,Algorithm1_iADMM_PDP0_to_PDP5,4096,20,SGD,nan,0.01,4096,1200.0,20.0,5000.0
2026,7,12.0,algorithm1_particular_adaptation,0.1147527694702148,Algorithm1_iADMM_PDP0_to_PDP5,4096,20,SGD,nan,0.01,4096,1200.0,20.0,5000.0
2026,7,14.0,algorithm1_particular_adaptation,0.0946111679077148,Algorithm1_iADMM_PDP0_to_PDP5,4096,20,SGD,nan,0.01,4096,1200.0,20.0,5000.0
2026,7,16.0,algorithm1_particular_adaptation,0.080606460571289,Algorithm1_iADMM_PDP0_to_PDP5,4096,20,SGD,nan,0.01,4096,1200.0,20.0,5000.0
2026,7,18.0,algorithm1_particular_adaptation,0.0723466873168945,Algorithm1_iADMM_PDP0_to_PDP5,4096,20,SGD,nan,0.01,4096,1200.0,20.0,5000.0
2026,7,20.0,algorithm1_particular_adaptation,0.0675954818725586,Algorithm1_iADMM_PDP0_to_PDP5,4096,20,SGD,nan,0.01,4096,1200.0,20.0,5000.0
2026,7,0.0,joint_particular_adaptation,0.3895177841186523,ordinary_joint_training_PDP0_to_PDP5,8192,20,SGD,nan,0.01,8192,nan,nan,nan
2026,7,2.0,joint_particular_adaptation,0.3549404144287109,ordinary_joint_training_PDP0_to_PDP5,8192,20,SGD,nan,0.01,8192,nan,nan,nan
2026,7,4.0,joint_particular_adaptation,0.3151254653930664,ordinary_joint_training_PDP0_to_PDP5,8192,20,SGD,nan,0.01,8192,nan,nan,nan
2026,7,6.0,joint_particular_adaptation,0.2803974151611328,ordinary_joint_training_PDP0_to_PDP5,8192,20,SGD,nan,0.01,8192,nan,nan,nan
2026,7,8.0,joint_particular_adaptation,0.241943359375,ordinary_joint_training_PDP0_to_PDP5,8192,20,SGD,nan,0.01,8192,nan,nan,nan
2026,7,10.0,joint_particular_adaptation,0.2129726409912109,ordinary_joint_training_PDP0_to_PDP5,8192,20,SGD,nan,0.01,8192,nan,nan,nan
2026,7,12.0,joint_particular_adaptation,0.1917104721069336,ordinary_joint_training_PDP0_to_PDP5,8192,20,SGD,nan,0.01,8192,nan,nan,nan
2026,7,14.0,joint_particular_adaptation,0.1745157241821289,ordinary_joint_training_PDP0_to_PDP5,8192,20,SGD,nan,0.01,8192,nan,nan,nan
2026,7,16.0,joint_particular_adaptation,0.1618528366088867,ordinary_joint_training_PDP0_to_PDP5,8192,20,SGD,nan,0.01,8192,nan,nan,nan
2026,7,18.0,joint_particular_adaptation,0.1535310745239257,ordinary_joint_training_PDP0_to_PDP5,8192,20,SGD,nan,0.01,8192,nan,nan,nan
2026,7,20.0,joint_particular_adaptation,0.1490707397460937,ordinary_joint_training_PDP0_to_PDP5,8192,20,SGD,nan,0.01,8192,nan,nan,nan
2026,7,0.0,algorithm1_particular_adaptation,0.3601465225219726,Algorithm1_iADMM_PDP0_to_PDP5,8192,20,SGD,nan,0.01,8192,1200.0,20.0,5000.0
2026,7,2.0,algorithm1_particular_adaptation,0.3143348693847656,Algorithm1_iADMM_PDP0_to_PDP5,8192,20,SGD,nan,0.01,8192,1200.0,20.0,5000.0
2026,7,4.0,algorithm1_particular_adaptation,0.2656002044677734,Algorithm1_iADMM_PDP0_to_PDP5,8192,20,SGD,nan,0.01,8192,1200.0,20.0,5000.0
2026,7,6.0,algorithm1_particular_adaptation,0.2181339263916015,Algorithm1_iADMM_PDP0_to_PDP5,8192,20,SGD,nan,0.01,8192,1200.0,20.0,5000.0
2026,7,8.0,algorithm1_particular_adaptation,0.1739416122436523,Algorithm1_iADMM_PDP0_to_PDP5,8192,20,SGD,nan,0.01,8192,1200.0,20.0,5000.0
2026,7,10.0,algorithm1_particular_adaptation,0.1382665634155273,Algorithm1_iADMM_PDP0_to_PDP5,8192,20,SGD,nan,0.01,8192,1200.0,20.0,5000.0
2026,7,12.0,algorithm1_particular_adaptation,0.1111688613891601,Algorithm1_iADMM_PDP0_to_PDP5,8192,20,SGD,nan,0.01,8192,1200.0,20.0,5000.0
2026,7,14.0,algorithm1_particular_adaptation,0.0911378860473632,Algorithm1_iADMM_PDP0_to_PDP5,8192,20,SGD,nan,0.01,8192,1200.0,20.0,5000.0
2026,7,16.0,algorithm1_particular_adaptation,0.0780420303344726,Algorithm1_iADMM_PDP0_to_PDP5,8192,20,SGD,nan,0.01,8192,1200.0,20.0,5000.0
2026,7,18.0,algorithm1_particular_adaptation,0.0694608688354492,Algorithm1_iADMM_PDP0_to_PDP5,8192,20,SGD,nan,0.01,8192,1200.0,20.0,5000.0
2026,7,20.0,algorithm1_particular_adaptation,0.0645036697387695,Algorithm1_iADMM_PDP0_to_PDP5,8192,20,SGD,nan,0.01,8192,1200.0,20.0,5000.0
2027,6,0.0,joint_particular_adaptation,0.3916816711425781,ordinary_joint_training_PDP0_to_PDP5,512,20,SGD,nan,0.01,512,nan,nan,nan
2027,6,2.0,joint_particular_adaptation,0.3566713333129883,ordinary_joint_training_PDP0_to_PDP5,512,20,SGD,nan,0.01,512,nan,nan,nan
2027,6,4.0,joint_particular_adaptation,0.3189697265625,ordinary_joint_training_PDP0_to_PDP5,512,20,SGD,nan,0.01,512,nan,nan,nan
2027,6,6.0,joint_particular_adaptation,0.2820901870727539,ordinary_joint_training_PDP0_to_PDP5,512,20,SGD,nan,0.01,512,nan,nan,nan
2027,6,8.0,joint_particular_adaptation,0.2453956604003906,ordinary_joint_training_PDP0_to_PDP5,512,20,SGD,nan,0.01,512,nan,nan,nan
2027,6,10.0,joint_particular_adaptation,0.2140827178955078,ordinary_joint_training_PDP0_to_PDP5,512,20,SGD,nan,0.01,512,nan,nan,nan
2027,6,12.0,joint_particular_adaptation,0.1920652389526367,ordinary_joint_training_PDP0_to_PDP5,512,20,SGD,nan,0.01,512,nan,nan,nan
2027,6,14.0,joint_particular_adaptation,0.1721525192260742,ordinary_joint_training_PDP0_to_PDP5,512,20,SGD,nan,0.01,512,nan,nan,nan
2027,6,16.0,joint_particular_adaptation,0.1598644256591797,ordinary_joint_training_PDP0_to_PDP5,512,20,SGD,nan,0.01,512,nan,nan,nan
2027,6,18.0,joint_particular_adaptation,0.1519575119018554,ordinary_joint_training_PDP0_to_PDP5,512,20,SGD,nan,0.01,512,nan,nan,nan
2027,6,20.0,joint_particular_adaptation,0.1497573852539062,ordinary_joint_training_PDP0_to_PDP5,512,20,SGD,nan,0.01,512,nan,nan,nan
2027,6,0.0,algorithm1_particular_adaptation,0.3658428192138672,Algorithm1_iADMM_PDP0_to_PDP5,512,20,SGD,nan,0.01,512,1200.0,20.0,5000.0
2027,6,2.0,algorithm1_particular_adaptation,0.3228979110717773,Algorithm1_iADMM_PDP0_to_PDP5,512,20,SGD,nan,0.01,512,1200.0,20.0,5000.0
2027,6,4.0,algorithm1_particular_adaptation,0.2746686935424804,Algorithm1_iADMM_PDP0_to_PDP5,512,20,SGD,nan,0.01,512,1200.0,20.0,5000.0
2027,6,6.0,algorithm1_particular_adaptation,0.2264795303344726,Algorithm1_iADMM_PDP0_to_PDP5,512,20,SGD,nan,0.01,512,1200.0,20.0,5000.0
2027,6,8.0,algorithm1_particular_adaptation,0.1826982498168945,Algorithm1_iADMM_PDP0_to_PDP5,512,20,SGD,nan,0.01,512,1200.0,20.0,5000.0
2027,6,10.0,algorithm1_particular_adaptation,0.1462688446044922,Algorithm1_iADMM_PDP0_to_PDP5,512,20,SGD,nan,0.01,512,1200.0,20.0,5000.0
2027,6,12.0,algorithm1_particular_adaptation,0.1189231872558593,Algorithm1_iADMM_PDP0_to_PDP5,512,20,SGD,nan,0.01,512,1200.0,20.0,5000.0
2027,6,14.0,algorithm1_particular_adaptation,0.0975551605224609,Algorithm1_iADMM_PDP0_to_PDP5,512,20,SGD,nan,0.01,512,1200.0,20.0,5000.0
2027,6,16.0,algorithm1_particular_adaptation,0.0844306945800781,Algorithm1_iADMM_PDP0_to_PDP5,512,20,SGD,nan,0.01,512,1200.0,20.0,5000.0
2027,6,18.0,algorithm1_particular_adaptation,0.074869155883789,Algorithm1_iADMM_PDP0_to_PDP5,512,20,SGD,nan,0.01,512,1200.0,20.0,5000.0
2027,6,20.0,algorithm1_particular_adaptation,0.0715160369873046,Algorithm1_iADMM_PDP0_to_PDP5,512,20,SGD,nan,0.01,512,1200.0,20.0,5000.0
2027,6,0.0,joint_particular_adaptation,0.390899658203125,ordinary_joint_training_PDP0_to_PDP5,1024,20,SGD,nan,0.01,1024,nan,nan,nan
2027,6,2.0,joint_particular_adaptation,0.3563203811645508,ordinary_joint_training_PDP0_to_PDP5,1024,20,SGD,nan,0.01,1024,nan,nan,nan
2027,6,4.0,joint_particular_adaptation,0.3187751770019531,ordinary_joint_training_PDP0_to_PDP5,1024,20,SGD,nan,0.01,1024,nan,nan,nan
2027,6,6.0,joint_particular_adaptation,0.2806053161621094,ordinary_joint_training_PDP0_to_PDP5,1024,20,SGD,nan,0.01,1024,nan,nan,nan
2027,6,8.0,joint_particular_adaptation,0.2448530197143554,ordinary_joint_training_PDP0_to_PDP5,1024,20,SGD,nan,0.01,1024,nan,nan,nan
2027,6,10.0,joint_particular_adaptation,0.2129878997802734,ordinary_joint_training_PDP0_to_PDP5,1024,20,SGD,nan,0.01,1024,nan,nan,nan
2027,6,12.0,joint_particular_adaptation,0.1905603408813476,ordinary_joint_training_PDP0_to_PDP5,1024,20,SGD,nan,0.01,1024,nan,nan,nan
2027,6,14.0,joint_particular_adaptation,0.1711368560791015,ordinary_joint_training_PDP0_to_PDP5,1024,20,SGD,nan,0.01,1024,nan,nan,nan
2027,6,16.0,joint_particular_adaptation,0.1591796875,ordinary_joint_training_PDP0_to_PDP5,1024,20,SGD,nan,0.01,1024,nan,nan,nan
2027,6,18.0,joint_particular_adaptation,0.1513042449951172,ordinary_joint_training_PDP0_to_PDP5,1024,20,SGD,nan,0.01,1024,nan,nan,nan
2027,6,20.0,joint_particular_adaptation,0.1490850448608398,ordinary_joint_training_PDP0_to_PDP5,1024,20,SGD,nan,0.01,1024,nan,nan,nan
2027,6,0.0,algorithm1_particular_adaptation,0.3642349243164062,Algorithm1_iADMM_PDP0_to_PDP5,1024,20,SGD,nan,0.01,1024,1200.0,20.0,5000.0
2027,6,2.0,algorithm1_particular_adaptation,0.3206157684326172,Algorithm1_iADMM_PDP0_to_PDP5,1024,20,SGD,nan,0.01,1024,1200.0,20.0,5000.0
2027,6,4.0,algorithm1_particular_adaptation,0.2738676071166992,Algorithm1_iADMM_PDP0_to_PDP5,1024,20,SGD,nan,0.01,1024,1200.0,20.0,5000.0
2027,6,6.0,algorithm1_particular_adaptation,0.2251739501953125,Algorithm1_iADMM_PDP0_to_PDP5,1024,20,SGD,nan,0.01,1024,1200.0,20.0,5000.0
2027,6,8.0,algorithm1_particular_adaptation,0.1806535720825195,Algorithm1_iADMM_PDP0_to_PDP5,1024,20,SGD,nan,0.01,1024,1200.0,20.0,5000.0
2027,6,10.0,algorithm1_particular_adaptation,0.1446199417114257,Algorithm1_iADMM_PDP0_to_PDP5,1024,20,SGD,nan,0.01,1024,1200.0,20.0,5000.0
2027,6,12.0,algorithm1_particular_adaptation,0.1175518035888671,Algorithm1_iADMM_PDP0_to_PDP5,1024,20,SGD,nan,0.01,1024,1200.0,20.0,5000.0
2027,6,14.0,algorithm1_particular_adaptation,0.0963850021362304,Algorithm1_iADMM_PDP0_to_PDP5,1024,20,SGD,nan,0.01,1024,1200.0,20.0,5000.0
2027,6,16.0,algorithm1_particular_adaptation,0.082646369934082,Algorithm1_iADMM_PDP0_to_PDP5,1024,20,SGD,nan,0.01,1024,1200.0,20.0,5000.0
2027,6,18.0,algorithm1_particular_adaptation,0.0739383697509765,Algorithm1_iADMM_PDP0_to_PDP5,1024,20,SGD,nan,0.01,1024,1200.0,20.0,5000.0
2027,6,20.0,algorithm1_particular_adaptation,0.0700864791870117,Algorithm1_iADMM_PDP0_to_PDP5,1024,20,SGD,nan,0.01,1024,1200.0,20.0,5000.0
2027,6,0.0,joint_particular_adaptation,0.3899469375610351,ordinary_joint_training_PDP0_to_PDP5,2048,20,SGD,nan,0.01,2048,nan,nan,nan
2027,6,2.0,joint_particular_adaptation,0.3550834655761719,ordinary_joint_training_PDP0_to_PDP5,2048,20,SGD,nan,0.01,2048,nan,nan,nan
2027,6,4.0,joint_particular_adaptation,0.3170890808105469,ordinary_joint_training_PDP0_to_PDP5,2048,20,SGD,nan,0.01,2048,nan,nan,nan
2027,6,6.0,joint_particular_adaptation,0.2783317565917969,ordinary_joint_training_PDP0_to_PDP5,2048,20,SGD,nan,0.01,2048,nan,nan,nan
2027,6,8.0,joint_particular_adaptation,0.2428131103515625,ordinary_joint_training_PDP0_to_PDP5,2048,20,SGD,nan,0.01,2048,nan,nan,nan
2027,6,10.0,joint_particular_adaptation,0.2111454010009765,ordinary_joint_training_PDP0_to_PDP5,2048,20,SGD,nan,0.01,2048,nan,nan,nan
2027,6,12.0,joint_particular_adaptation,0.188603401184082,ordinary_joint_training_PDP0_to_PDP5,2048,20,SGD,nan,0.01,2048,nan,nan,nan
2027,6,14.0,joint_particular_adaptation,0.1689023971557617,ordinary_joint_training_PDP0_to_PDP5,2048,20,SGD,nan,0.01,2048,nan,nan,nan
2027,6,16.0,joint_particular_adaptation,0.1567554473876953,ordinary_joint_training_PDP0_to_PDP5,2048,20,SGD,nan,0.01,2048,nan,nan,nan
2027,6,18.0,joint_particular_adaptation,0.1490421295166015,ordinary_joint_training_PDP0_to_PDP5,2048,20,SGD,nan,0.01,2048,nan,nan,nan
2027,6,20.0,joint_particular_adaptation,0.1466846466064453,ordinary_joint_training_PDP0_to_PDP5,2048,20,SGD,nan,0.01,2048,nan,nan,nan
2027,6,0.0,algorithm1_particular_adaptation,0.3627405166625976,Algorithm1_iADMM_PDP0_to_PDP5,2048,20,SGD,nan,0.01,2048,1200.0,20.0,5000.0
2027,6,2.0,algorithm1_particular_adaptation,0.3196077346801758,Algorithm1_iADMM_PDP0_to_PDP5,2048,20,SGD,nan,0.01,2048,1200.0,20.0,5000.0
2027,6,4.0,algorithm1_particular_adaptation,0.2712936401367187,Algorithm1_iADMM_PDP0_to_PDP5,2048,20,SGD,nan,0.01,2048,1200.0,20.0,5000.0
2027,6,6.0,algorithm1_particular_adaptation,0.2222537994384765,Algorithm1_iADMM_PDP0_to_PDP5,2048,20,SGD,nan,0.01,2048,1200.0,20.0,5000.0
2027,6,8.0,algorithm1_particular_adaptation,0.1780757904052734,Algorithm1_iADMM_PDP0_to_PDP5,2048,20,SGD,nan,0.01,2048,1200.0,20.0,5000.0
2027,6,10.0,algorithm1_particular_adaptation,0.1421747207641601,Algorithm1_iADMM_PDP0_to_PDP5,2048,20,SGD,nan,0.01,2048,1200.0,20.0,5000.0
2027,6,12.0,algorithm1_particular_adaptation,0.1147794723510742,Algorithm1_iADMM_PDP0_to_PDP5,2048,20,SGD,nan,0.01,2048,1200.0,20.0,5000.0
2027,6,14.0,algorithm1_particular_adaptation,0.0934810638427734,Algorithm1_iADMM_PDP0_to_PDP5,2048,20,SGD,nan,0.01,2048,1200.0,20.0,5000.0
2027,6,16.0,algorithm1_particular_adaptation,0.0803966522216796,Algorithm1_iADMM_PDP0_to_PDP5,2048,20,SGD,nan,0.01,2048,1200.0,20.0,5000.0
2027,6,18.0,algorithm1_particular_adaptation,0.0717782974243164,Algorithm1_iADMM_PDP0_to_PDP5,2048,20,SGD,nan,0.01,2048,1200.0,20.0,5000.0
2027,6,20.0,algorithm1_particular_adaptation,0.0677862167358398,Algorithm1_iADMM_PDP0_to_PDP5,2048,20,SGD,nan,0.01,2048,1200.0,20.0,5000.0
2027,6,0.0,joint_particular_adaptation,0.389251708984375,ordinary_joint_training_PDP0_to_PDP5,4096,20,SGD,nan,0.01,4096,nan,nan,nan
2027,6,2.0,joint_particular_adaptation,0.3528213500976562,ordinary_joint_training_PDP0_to_PDP5,4096,20,SGD,nan,0.01,4096,nan,nan,nan
2027,6,4.0,joint_particular_adaptation,0.3158178329467773,ordinary_joint_training_PDP0_to_PDP5,4096,20,SGD,nan,0.01,4096,nan,nan,nan
2027,6,6.0,joint_particular_adaptation,0.2762289047241211,ordinary_joint_training_PDP0_to_PDP5,4096,20,SGD,nan,0.01,4096,nan,nan,nan
2027,6,8.0,joint_particular_adaptation,0.2403440475463867,ordinary_joint_training_PDP0_to_PDP5,4096,20,SGD,nan,0.01,4096,nan,nan,nan
2027,6,10.0,joint_particular_adaptation,0.2078876495361328,ordinary_joint_training_PDP0_to_PDP5,4096,20,SGD,nan,0.01,4096,nan,nan,nan
2027,6,12.0,joint_particular_adaptation,0.1857128143310547,ordinary_joint_training_PDP0_to_PDP5,4096,20,SGD,nan,0.01,4096,nan,nan,nan
2027,6,14.0,joint_particular_adaptation,0.1664962768554687,ordinary_joint_training_PDP0_to_PDP5,4096,20,SGD,nan,0.01,4096,nan,nan,nan
2027,6,16.0,joint_particular_adaptation,0.1533832550048828,ordinary_joint_training_PDP0_to_PDP5,4096,20,SGD,nan,0.01,4096,nan,nan,nan
2027,6,18.0,joint_particular_adaptation,0.1459913253784179,ordinary_joint_training_PDP0_to_PDP5,4096,20,SGD,nan,0.01,4096,nan,nan,nan
2027,6,20.0,joint_particular_adaptation,0.1440162658691406,ordinary_joint_training_PDP0_to_PDP5,4096,20,SGD,nan,0.01,4096,nan,nan,nan
2027,6,0.0,algorithm1_particular_adaptation,0.3610267639160156,Algorithm1_iADMM_PDP0_to_PDP5,4096,20,SGD,nan,0.01,4096,1200.0,20.0,5000.0
2027,6,2.0,algorithm1_particular_adaptation,0.3161163330078125,Algorithm1_iADMM_PDP0_to_PDP5,4096,20,SGD,nan,0.01,4096,1200.0,20.0,5000.0
2027,6,4.0,algorithm1_particular_adaptation,0.2684488296508789,Algorithm1_iADMM_PDP0_to_PDP5,4096,20,SGD,nan,0.01,4096,1200.0,20.0,5000.0
2027,6,6.0,algorithm1_particular_adaptation,0.2195854187011718,Algorithm1_iADMM_PDP0_to_PDP5,4096,20,SGD,nan,0.01,4096,1200.0,20.0,5000.0
2027,6,8.0,algorithm1_particular_adaptation,0.1762914657592773,Algorithm1_iADMM_PDP0_to_PDP5,4096,20,SGD,nan,0.01,4096,1200.0,20.0,5000.0
2027,6,10.0,algorithm1_particular_adaptation,0.1389322280883789,Algorithm1_iADMM_PDP0_to_PDP5,4096,20,SGD,nan,0.01,4096,1200.0,20.0,5000.0
2027,6,12.0,algorithm1_particular_adaptation,0.1117153167724609,Algorithm1_iADMM_PDP0_to_PDP5,4096,20,SGD,nan,0.01,4096,1200.0,20.0,5000.0
2027,6,14.0,algorithm1_particular_adaptation,0.0905942916870117,Algorithm1_iADMM_PDP0_to_PDP5,4096,20,SGD,nan,0.01,4096,1200.0,20.0,5000.0
2027,6,16.0,algorithm1_particular_adaptation,0.0774478912353515,Algorithm1_iADMM_PDP0_to_PDP5,4096,20,SGD,nan,0.01,4096,1200.0,20.0,5000.0
2027,6,18.0,algorithm1_particular_adaptation,0.0691070556640625,Algorithm1_iADMM_PDP0_to_PDP5,4096,20,SGD,nan,0.01,4096,1200.0,20.0,5000.0
2027,6,20.0,algorithm1_particular_adaptation,0.0653114318847656,Algorithm1_iADMM_PDP0_to_PDP5,4096,20,SGD,nan,0.01,4096,1200.0,20.0,5000.0
2027,6,0.0,joint_particular_adaptation,0.3871660232543945,ordinary_joint_training_PDP0_to_PDP5,8192,20,SGD,nan,0.01,8192,nan,nan,nan
2027,6,2.0,joint_particular_adaptation,0.3512744903564453,ordinary_joint_training_PDP0_to_PDP5,8192,20,SGD,nan,0.01,8192,nan,nan,nan
2027,6,4.0,joint_particular_adaptation,0.3131351470947265,ordinary_joint_training_PDP0_to_PDP5,8192,20,SGD,nan,0.01,8192,nan,nan,nan
2027,6,6.0,joint_particular_adaptation,0.2742366790771484,ordinary_joint_training_PDP0_to_PDP5,8192,20,SGD,nan,0.01,8192,nan,nan,nan
2027,6,8.0,joint_particular_adaptation,0.2366485595703125,ordinary_joint_training_PDP0_to_PDP5,8192,20,SGD,nan,0.01,8192,nan,nan,nan
2027,6,10.0,joint_particular_adaptation,0.2048473358154297,ordinary_joint_training_PDP0_to_PDP5,8192,20,SGD,nan,0.01,8192,nan,nan,nan
2027,6,12.0,joint_particular_adaptation,0.1815710067749023,ordinary_joint_training_PDP0_to_PDP5,8192,20,SGD,nan,0.01,8192,nan,nan,nan
2027,6,14.0,joint_particular_adaptation,0.1619539260864257,ordinary_joint_training_PDP0_to_PDP5,8192,20,SGD,nan,0.01,8192,nan,nan,nan
2027,6,16.0,joint_particular_adaptation,0.1494512557983398,ordinary_joint_training_PDP0_to_PDP5,8192,20,SGD,nan,0.01,8192,nan,nan,nan
2027,6,18.0,joint_particular_adaptation,0.1414976119995117,ordinary_joint_training_PDP0_to_PDP5,8192,20,SGD,nan,0.01,8192,nan,nan,nan
2027,6,20.0,joint_particular_adaptation,0.1396217346191406,ordinary_joint_training_PDP0_to_PDP5,8192,20,SGD,nan,0.01,8192,nan,nan,nan
2027,6,0.0,algorithm1_particular_adaptation,0.3593683242797851,Algorithm1_iADMM_PDP0_to_PDP5,8192,20,SGD,nan,0.01,8192,1200.0,20.0,5000.0
2027,6,2.0,algorithm1_particular_adaptation,0.3147411346435547,Algorithm1_iADMM_PDP0_to_PDP5,8192,20,SGD,nan,0.01,8192,1200.0,20.0,5000.0
2027,6,4.0,algorithm1_particular_adaptation,0.2665128707885742,Algorithm1_iADMM_PDP0_to_PDP5,8192,20,SGD,nan,0.01,8192,1200.0,20.0,5000.0
2027,6,6.0,algorithm1_particular_adaptation,0.2177467346191406,Algorithm1_iADMM_PDP0_to_PDP5,8192,20,SGD,nan,0.01,8192,1200.0,20.0,5000.0
2027,6,8.0,algorithm1_particular_adaptation,0.1727800369262695,Algorithm1_iADMM_PDP0_to_PDP5,8192,20,SGD,nan,0.01,8192,1200.0,20.0,5000.0
2027,6,10.0,algorithm1_particular_adaptation,0.1359424591064453,Algorithm1_iADMM_PDP0_to_PDP5,8192,20,SGD,nan,0.01,8192,1200.0,20.0,5000.0
2027,6,12.0,algorithm1_particular_adaptation,0.1084089279174804,Algorithm1_iADMM_PDP0_to_PDP5,8192,20,SGD,nan,0.01,8192,1200.0,20.0,5000.0
2027,6,14.0,algorithm1_particular_adaptation,0.0873384475708007,Algorithm1_iADMM_PDP0_to_PDP5,8192,20,SGD,nan,0.01,8192,1200.0,20.0,5000.0
2027,6,16.0,algorithm1_particular_adaptation,0.0740938186645507,Algorithm1_iADMM_PDP0_to_PDP5,8192,20,SGD,nan,0.01,8192,1200.0,20.0,5000.0
2027,6,18.0,algorithm1_particular_adaptation,0.0658712387084961,Algorithm1_iADMM_PDP0_to_PDP5,8192,20,SGD,nan,0.01,8192,1200.0,20.0,5000.0
2027,6,20.0,algorithm1_particular_adaptation,0.0621490478515625,Algorithm1_iADMM_PDP0_to_PDP5,8192,20,SGD,nan,0.01,8192,1200.0,20.0,5000.0
2027,7,0.0,joint_particular_adaptation,0.3929433822631836,ordinary_joint_training_PDP0_to_PDP5,512,20,SGD,nan,0.01,512,nan,nan,nan
2027,7,2.0,joint_particular_adaptation,0.359170913696289,ordinary_joint_training_PDP0_to_PDP5,512,20,SGD,nan,0.01,512,nan,nan,nan
2027,7,4.0,joint_particular_adaptation,0.3231000900268554,ordinary_joint_training_PDP0_to_PDP5,512,20,SGD,nan,0.01,512,nan,nan,nan
2027,7,6.0,joint_particular_adaptation,0.2868843078613281,ordinary_joint_training_PDP0_to_PDP5,512,20,SGD,nan,0.01,512,nan,nan,nan
2027,7,8.0,joint_particular_adaptation,0.250701904296875,ordinary_joint_training_PDP0_to_PDP5,512,20,SGD,nan,0.01,512,nan,nan,nan
2027,7,10.0,joint_particular_adaptation,0.2226085662841797,ordinary_joint_training_PDP0_to_PDP5,512,20,SGD,nan,0.01,512,nan,nan,nan
2027,7,12.0,joint_particular_adaptation,0.1981992721557617,ordinary_joint_training_PDP0_to_PDP5,512,20,SGD,nan,0.01,512,nan,nan,nan
2027,7,14.0,joint_particular_adaptation,0.182286262512207,ordinary_joint_training_PDP0_to_PDP5,512,20,SGD,nan,0.01,512,nan,nan,nan
2027,7,16.0,joint_particular_adaptation,0.1716585159301757,ordinary_joint_training_PDP0_to_PDP5,512,20,SGD,nan,0.01,512,nan,nan,nan
2027,7,18.0,joint_particular_adaptation,0.1626358032226562,ordinary_joint_training_PDP0_to_PDP5,512,20,SGD,nan,0.01,512,nan,nan,nan
2027,7,20.0,joint_particular_adaptation,0.157135009765625,ordinary_joint_training_PDP0_to_PDP5,512,20,SGD,nan,0.01,512,nan,nan,nan
2027,7,0.0,algorithm1_particular_adaptation,0.3629827499389648,Algorithm1_iADMM_PDP0_to_PDP5,512,20,SGD,nan,0.01,512,1200.0,20.0,5000.0
2027,7,2.0,algorithm1_particular_adaptation,0.3181104660034179,Algorithm1_iADMM_PDP0_to_PDP5,512,20,SGD,nan,0.01,512,1200.0,20.0,5000.0
2027,7,4.0,algorithm1_particular_adaptation,0.2704200744628906,Algorithm1_iADMM_PDP0_to_PDP5,512,20,SGD,nan,0.01,512,1200.0,20.0,5000.0
2027,7,6.0,algorithm1_particular_adaptation,0.2251539230346679,Algorithm1_iADMM_PDP0_to_PDP5,512,20,SGD,nan,0.01,512,1200.0,20.0,5000.0
2027,7,8.0,algorithm1_particular_adaptation,0.181065559387207,Algorithm1_iADMM_PDP0_to_PDP5,512,20,SGD,nan,0.01,512,1200.0,20.0,5000.0
2027,7,10.0,algorithm1_particular_adaptation,0.145085334777832,Algorithm1_iADMM_PDP0_to_PDP5,512,20,SGD,nan,0.01,512,1200.0,20.0,5000.0
2027,7,12.0,algorithm1_particular_adaptation,0.1173048019409179,Algorithm1_iADMM_PDP0_to_PDP5,512,20,SGD,nan,0.01,512,1200.0,20.0,5000.0
2027,7,14.0,algorithm1_particular_adaptation,0.0977725982666015,Algorithm1_iADMM_PDP0_to_PDP5,512,20,SGD,nan,0.01,512,1200.0,20.0,5000.0
2027,7,16.0,algorithm1_particular_adaptation,0.0850963592529296,Algorithm1_iADMM_PDP0_to_PDP5,512,20,SGD,nan,0.01,512,1200.0,20.0,5000.0
2027,7,18.0,algorithm1_particular_adaptation,0.0759553909301757,Algorithm1_iADMM_PDP0_to_PDP5,512,20,SGD,nan,0.01,512,1200.0,20.0,5000.0
2027,7,20.0,algorithm1_particular_adaptation,0.0703878402709961,Algorithm1_iADMM_PDP0_to_PDP5,512,20,SGD,nan,0.01,512,1200.0,20.0,5000.0
2027,7,0.0,joint_particular_adaptation,0.3922328948974609,ordinary_joint_training_PDP0_to_PDP5,1024,20,SGD,nan,0.01,1024,nan,nan,nan
2027,7,2.0,joint_particular_adaptation,0.3589754104614258,ordinary_joint_training_PDP0_to_PDP5,1024,20,SGD,nan,0.01,1024,nan,nan,nan
2027,7,4.0,joint_particular_adaptation,0.3238105773925781,ordinary_joint_training_PDP0_to_PDP5,1024,20,SGD,nan,0.01,1024,nan,nan,nan
2027,7,6.0,joint_particular_adaptation,0.2863836288452148,ordinary_joint_training_PDP0_to_PDP5,1024,20,SGD,nan,0.01,1024,nan,nan,nan
2027,7,8.0,joint_particular_adaptation,0.2498111724853515,ordinary_joint_training_PDP0_to_PDP5,1024,20,SGD,nan,0.01,1024,nan,nan,nan
2027,7,10.0,joint_particular_adaptation,0.2224016189575195,ordinary_joint_training_PDP0_to_PDP5,1024,20,SGD,nan,0.01,1024,nan,nan,nan
2027,7,12.0,joint_particular_adaptation,0.1980094909667968,ordinary_joint_training_PDP0_to_PDP5,1024,20,SGD,nan,0.01,1024,nan,nan,nan
2027,7,14.0,joint_particular_adaptation,0.1816167831420898,ordinary_joint_training_PDP0_to_PDP5,1024,20,SGD,nan,0.01,1024,nan,nan,nan
2027,7,16.0,joint_particular_adaptation,0.1706476211547851,ordinary_joint_training_PDP0_to_PDP5,1024,20,SGD,nan,0.01,1024,nan,nan,nan
2027,7,18.0,joint_particular_adaptation,0.1619424819946289,ordinary_joint_training_PDP0_to_PDP5,1024,20,SGD,nan,0.01,1024,nan,nan,nan
2027,7,20.0,joint_particular_adaptation,0.1564207077026367,ordinary_joint_training_PDP0_to_PDP5,1024,20,SGD,nan,0.01,1024,nan,nan,nan
2027,7,0.0,algorithm1_particular_adaptation,0.3631801605224609,Algorithm1_iADMM_PDP0_to_PDP5,1024,20,SGD,nan,0.01,1024,1200.0,20.0,5000.0
2027,7,2.0,algorithm1_particular_adaptation,0.3176755905151367,Algorithm1_iADMM_PDP0_to_PDP5,1024,20,SGD,nan,0.01,1024,1200.0,20.0,5000.0
2027,7,4.0,algorithm1_particular_adaptation,0.2715997695922851,Algorithm1_iADMM_PDP0_to_PDP5,1024,20,SGD,nan,0.01,1024,1200.0,20.0,5000.0
2027,7,6.0,algorithm1_particular_adaptation,0.2234916687011718,Algorithm1_iADMM_PDP0_to_PDP5,1024,20,SGD,nan,0.01,1024,1200.0,20.0,5000.0
2027,7,8.0,algorithm1_particular_adaptation,0.1798715591430664,Algorithm1_iADMM_PDP0_to_PDP5,1024,20,SGD,nan,0.01,1024,1200.0,20.0,5000.0
2027,7,10.0,algorithm1_particular_adaptation,0.1440439224243164,Algorithm1_iADMM_PDP0_to_PDP5,1024,20,SGD,nan,0.01,1024,1200.0,20.0,5000.0
2027,7,12.0,algorithm1_particular_adaptation,0.1156282424926757,Algorithm1_iADMM_PDP0_to_PDP5,1024,20,SGD,nan,0.01,1024,1200.0,20.0,5000.0
2027,7,14.0,algorithm1_particular_adaptation,0.096649169921875,Algorithm1_iADMM_PDP0_to_PDP5,1024,20,SGD,nan,0.01,1024,1200.0,20.0,5000.0
2027,7,16.0,algorithm1_particular_adaptation,0.083404541015625,Algorithm1_iADMM_PDP0_to_PDP5,1024,20,SGD,nan,0.01,1024,1200.0,20.0,5000.0
2027,7,18.0,algorithm1_particular_adaptation,0.074833869934082,Algorithm1_iADMM_PDP0_to_PDP5,1024,20,SGD,nan,0.01,1024,1200.0,20.0,5000.0
2027,7,20.0,algorithm1_particular_adaptation,0.0687713623046875,Algorithm1_iADMM_PDP0_to_PDP5,1024,20,SGD,nan,0.01,1024,1200.0,20.0,5000.0
2027,7,0.0,joint_particular_adaptation,0.391885757446289,ordinary_joint_training_PDP0_to_PDP5,2048,20,SGD,nan,0.01,2048,nan,nan,nan
2027,7,2.0,joint_particular_adaptation,0.3583183288574219,ordinary_joint_training_PDP0_to_PDP5,2048,20,SGD,nan,0.01,2048,nan,nan,nan
2027,7,4.0,joint_particular_adaptation,0.3226747512817383,ordinary_joint_training_PDP0_to_PDP5,2048,20,SGD,nan,0.01,2048,nan,nan,nan
2027,7,6.0,joint_particular_adaptation,0.2852048873901367,ordinary_joint_training_PDP0_to_PDP5,2048,20,SGD,nan,0.01,2048,nan,nan,nan
2027,7,8.0,joint_particular_adaptation,0.2491445541381836,ordinary_joint_training_PDP0_to_PDP5,2048,20,SGD,nan,0.01,2048,nan,nan,nan
2027,7,10.0,joint_particular_adaptation,0.2204980850219726,ordinary_joint_training_PDP0_to_PDP5,2048,20,SGD,nan,0.01,2048,nan,nan,nan
2027,7,12.0,joint_particular_adaptation,0.1962642669677734,ordinary_joint_training_PDP0_to_PDP5,2048,20,SGD,nan,0.01,2048,nan,nan,nan
2027,7,14.0,joint_particular_adaptation,0.1806707382202148,ordinary_joint_training_PDP0_to_PDP5,2048,20,SGD,nan,0.01,2048,nan,nan,nan
2027,7,16.0,joint_particular_adaptation,0.1692171096801757,ordinary_joint_training_PDP0_to_PDP5,2048,20,SGD,nan,0.01,2048,nan,nan,nan
2027,7,18.0,joint_particular_adaptation,0.160470962524414,ordinary_joint_training_PDP0_to_PDP5,2048,20,SGD,nan,0.01,2048,nan,nan,nan
2027,7,20.0,joint_particular_adaptation,0.1553020477294922,ordinary_joint_training_PDP0_to_PDP5,2048,20,SGD,nan,0.01,2048,nan,nan,nan
2027,7,0.0,algorithm1_particular_adaptation,0.3618488311767578,Algorithm1_iADMM_PDP0_to_PDP5,2048,20,SGD,nan,0.01,2048,1200.0,20.0,5000.0
2027,7,2.0,algorithm1_particular_adaptation,0.3160848617553711,Algorithm1_iADMM_PDP0_to_PDP5,2048,20,SGD,nan,0.01,2048,1200.0,20.0,5000.0
2027,7,4.0,algorithm1_particular_adaptation,0.268437385559082,Algorithm1_iADMM_PDP0_to_PDP5,2048,20,SGD,nan,0.01,2048,1200.0,20.0,5000.0
2027,7,6.0,algorithm1_particular_adaptation,0.2213029861450195,Algorithm1_iADMM_PDP0_to_PDP5,2048,20,SGD,nan,0.01,2048,1200.0,20.0,5000.0
2027,7,8.0,algorithm1_particular_adaptation,0.1772298812866211,Algorithm1_iADMM_PDP0_to_PDP5,2048,20,SGD,nan,0.01,2048,1200.0,20.0,5000.0
2027,7,10.0,algorithm1_particular_adaptation,0.1416664123535156,Algorithm1_iADMM_PDP0_to_PDP5,2048,20,SGD,nan,0.01,2048,1200.0,20.0,5000.0
2027,7,12.0,algorithm1_particular_adaptation,0.1136674880981445,Algorithm1_iADMM_PDP0_to_PDP5,2048,20,SGD,nan,0.01,2048,1200.0,20.0,5000.0
2027,7,14.0,algorithm1_particular_adaptation,0.0949745178222656,Algorithm1_iADMM_PDP0_to_PDP5,2048,20,SGD,nan,0.01,2048,1200.0,20.0,5000.0
2027,7,16.0,algorithm1_particular_adaptation,0.0817451477050781,Algorithm1_iADMM_PDP0_to_PDP5,2048,20,SGD,nan,0.01,2048,1200.0,20.0,5000.0
2027,7,18.0,algorithm1_particular_adaptation,0.0733823776245117,Algorithm1_iADMM_PDP0_to_PDP5,2048,20,SGD,nan,0.01,2048,1200.0,20.0,5000.0
2027,7,20.0,algorithm1_particular_adaptation,0.0676174163818359,Algorithm1_iADMM_PDP0_to_PDP5,2048,20,SGD,nan,0.01,2048,1200.0,20.0,5000.0
2027,7,0.0,joint_particular_adaptation,0.3917922973632812,ordinary_joint_training_PDP0_to_PDP5,4096,20,SGD,nan,0.01,4096,nan,nan,nan
2027,7,2.0,joint_particular_adaptation,0.3567981719970703,ordinary_joint_training_PDP0_to_PDP5,4096,20,SGD,nan,0.01,4096,nan,nan,nan
2027,7,4.0,joint_particular_adaptation,0.3202705383300781,ordinary_joint_training_PDP0_to_PDP5,4096,20,SGD,nan,0.01,4096,nan,nan,nan
2027,7,6.0,joint_particular_adaptation,0.2832727432250976,ordinary_joint_training_PDP0_to_PDP5,4096,20,SGD,nan,0.01,4096,nan,nan,nan
2027,7,8.0,joint_particular_adaptation,0.2474451065063476,ordinary_joint_training_PDP0_to_PDP5,4096,20,SGD,nan,0.01,4096,nan,nan,nan
2027,7,10.0,joint_particular_adaptation,0.2183351516723632,ordinary_joint_training_PDP0_to_PDP5,4096,20,SGD,nan,0.01,4096,nan,nan,nan
2027,7,12.0,joint_particular_adaptation,0.1940336227416992,ordinary_joint_training_PDP0_to_PDP5,4096,20,SGD,nan,0.01,4096,nan,nan,nan
2027,7,14.0,joint_particular_adaptation,0.1777849197387695,ordinary_joint_training_PDP0_to_PDP5,4096,20,SGD,nan,0.01,4096,nan,nan,nan
2027,7,16.0,joint_particular_adaptation,0.1662425994873047,ordinary_joint_training_PDP0_to_PDP5,4096,20,SGD,nan,0.01,4096,nan,nan,nan
2027,7,18.0,joint_particular_adaptation,0.1577663421630859,ordinary_joint_training_PDP0_to_PDP5,4096,20,SGD,nan,0.01,4096,nan,nan,nan
2027,7,20.0,joint_particular_adaptation,0.1522350311279297,ordinary_joint_training_PDP0_to_PDP5,4096,20,SGD,nan,0.01,4096,nan,nan,nan
2027,7,0.0,algorithm1_particular_adaptation,0.3611612319946289,Algorithm1_iADMM_PDP0_to_PDP5,4096,20,SGD,nan,0.01,4096,1200.0,20.0,5000.0
2027,7,2.0,algorithm1_particular_adaptation,0.3149976730346679,Algorithm1_iADMM_PDP0_to_PDP5,4096,20,SGD,nan,0.01,4096,1200.0,20.0,5000.0
2027,7,4.0,algorithm1_particular_adaptation,0.2673912048339844,Algorithm1_iADMM_PDP0_to_PDP5,4096,20,SGD,nan,0.01,4096,1200.0,20.0,5000.0
2027,7,6.0,algorithm1_particular_adaptation,0.2189283370971679,Algorithm1_iADMM_PDP0_to_PDP5,4096,20,SGD,nan,0.01,4096,1200.0,20.0,5000.0
2027,7,8.0,algorithm1_particular_adaptation,0.1748323440551757,Algorithm1_iADMM_PDP0_to_PDP5,4096,20,SGD,nan,0.01,4096,1200.0,20.0,5000.0
2027,7,10.0,algorithm1_particular_adaptation,0.1399898529052734,Algorithm1_iADMM_PDP0_to_PDP5,4096,20,SGD,nan,0.01,4096,1200.0,20.0,5000.0
2027,7,12.0,algorithm1_particular_adaptation,0.1106767654418945,Algorithm1_iADMM_PDP0_to_PDP5,4096,20,SGD,nan,0.01,4096,1200.0,20.0,5000.0
2027,7,14.0,algorithm1_particular_adaptation,0.0923147201538086,Algorithm1_iADMM_PDP0_to_PDP5,4096,20,SGD,nan,0.01,4096,1200.0,20.0,5000.0
2027,7,16.0,algorithm1_particular_adaptation,0.0790157318115234,Algorithm1_iADMM_PDP0_to_PDP5,4096,20,SGD,nan,0.01,4096,1200.0,20.0,5000.0
2027,7,18.0,algorithm1_particular_adaptation,0.0706329345703125,Algorithm1_iADMM_PDP0_to_PDP5,4096,20,SGD,nan,0.01,4096,1200.0,20.0,5000.0
2027,7,20.0,algorithm1_particular_adaptation,0.0654201507568359,Algorithm1_iADMM_PDP0_to_PDP5,4096,20,SGD,nan,0.01,4096,1200.0,20.0,5000.0
2027,7,0.0,joint_particular_adaptation,0.3899745941162109,ordinary_joint_training_PDP0_to_PDP5,8192,20,SGD,nan,0.01,8192,nan,nan,nan
2027,7,2.0,joint_particular_adaptation,0.3547916412353515,ordinary_joint_training_PDP0_to_PDP5,8192,20,SGD,nan,0.01,8192,nan,nan,nan
2027,7,4.0,joint_particular_adaptation,0.3185796737670898,ordinary_joint_training_PDP0_to_PDP5,8192,20,SGD,nan,0.01,8192,nan,nan,nan
2027,7,6.0,joint_particular_adaptation,0.2807741165161133,ordinary_joint_training_PDP0_to_PDP5,8192,20,SGD,nan,0.01,8192,nan,nan,nan
2027,7,8.0,joint_particular_adaptation,0.2443723678588867,ordinary_joint_training_PDP0_to_PDP5,8192,20,SGD,nan,0.01,8192,nan,nan,nan
2027,7,10.0,joint_particular_adaptation,0.2152843475341797,ordinary_joint_training_PDP0_to_PDP5,8192,20,SGD,nan,0.01,8192,nan,nan,nan
2027,7,12.0,joint_particular_adaptation,0.1900920867919922,ordinary_joint_training_PDP0_to_PDP5,8192,20,SGD,nan,0.01,8192,nan,nan,nan
2027,7,14.0,joint_particular_adaptation,0.1744451522827148,ordinary_joint_training_PDP0_to_PDP5,8192,20,SGD,nan,0.01,8192,nan,nan,nan
2027,7,16.0,joint_particular_adaptation,0.1622800827026367,ordinary_joint_training_PDP0_to_PDP5,8192,20,SGD,nan,0.01,8192,nan,nan,nan
2027,7,18.0,joint_particular_adaptation,0.1538896560668945,ordinary_joint_training_PDP0_to_PDP5,8192,20,SGD,nan,0.01,8192,nan,nan,nan
2027,7,20.0,joint_particular_adaptation,0.1488857269287109,ordinary_joint_training_PDP0_to_PDP5,8192,20,SGD,nan,0.01,8192,nan,nan,nan
2027,7,0.0,algorithm1_particular_adaptation,0.3589601516723633,Algorithm1_iADMM_PDP0_to_PDP5,8192,20,SGD,nan,0.01,8192,1200.0,20.0,5000.0
2027,7,2.0,algorithm1_particular_adaptation,0.3120107650756836,Algorithm1_iADMM_PDP0_to_PDP5,8192,20,SGD,nan,0.01,8192,1200.0,20.0,5000.0
2027,7,4.0,algorithm1_particular_adaptation,0.2640523910522461,Algorithm1_iADMM_PDP0_to_PDP5,8192,20,SGD,nan,0.01,8192,1200.0,20.0,5000.0
2027,7,6.0,algorithm1_particular_adaptation,0.2156209945678711,Algorithm1_iADMM_PDP0_to_PDP5,8192,20,SGD,nan,0.01,8192,1200.0,20.0,5000.0
2027,7,8.0,algorithm1_particular_adaptation,0.1715669631958007,Algorithm1_iADMM_PDP0_to_PDP5,8192,20,SGD,nan,0.01,8192,1200.0,20.0,5000.0
2027,7,10.0,algorithm1_particular_adaptation,0.136444091796875,Algorithm1_iADMM_PDP0_to_PDP5,8192,20,SGD,nan,0.01,8192,1200.0,20.0,5000.0
2027,7,12.0,algorithm1_particular_adaptation,0.1079368591308593,Algorithm1_iADMM_PDP0_to_PDP5,8192,20,SGD,nan,0.01,8192,1200.0,20.0,5000.0
2027,7,14.0,algorithm1_particular_adaptation,0.089268684387207,Algorithm1_iADMM_PDP0_to_PDP5,8192,20,SGD,nan,0.01,8192,1200.0,20.0,5000.0
2027,7,16.0,algorithm1_particular_adaptation,0.0764007568359375,Algorithm1_iADMM_PDP0_to_PDP5,8192,20,SGD,nan,0.01,8192,1200.0,20.0,5000.0
2027,7,18.0,algorithm1_particular_adaptation,0.0681076049804687,Algorithm1_iADMM_PDP0_to_PDP5,8192,20,SGD,nan,0.01,8192,1200.0,20.0,5000.0
2027,7,20.0,algorithm1_particular_adaptation,0.0626993179321289,Algorithm1_iADMM_PDP0_to_PDP5,8192,20,SGD,nan,0.01,8192,1200.0,20.0,5000.0
2028,6,0.0,joint_particular_adaptation,0.391423225402832,ordinary_joint_training_PDP0_to_PDP5,512,20,SGD,nan,0.01,512,nan,nan,nan
2028,6,2.0,joint_particular_adaptation,0.3578224182128906,ordinary_joint_training_PDP0_to_PDP5,512,20,SGD,nan,0.01,512,nan,nan,nan
2028,6,4.0,joint_particular_adaptation,0.3211002349853515,ordinary_joint_training_PDP0_to_PDP5,512,20,SGD,nan,0.01,512,nan,nan,nan
2028,6,6.0,joint_particular_adaptation,0.2815942764282226,ordinary_joint_training_PDP0_to_PDP5,512,20,SGD,nan,0.01,512,nan,nan,nan
2028,6,8.0,joint_particular_adaptation,0.2471981048583984,ordinary_joint_training_PDP0_to_PDP5,512,20,SGD,nan,0.01,512,nan,nan,nan
2028,6,10.0,joint_particular_adaptation,0.2151288986206054,ordinary_joint_training_PDP0_to_PDP5,512,20,SGD,nan,0.01,512,nan,nan,nan
2028,6,12.0,joint_particular_adaptation,0.1916751861572265,ordinary_joint_training_PDP0_to_PDP5,512,20,SGD,nan,0.01,512,nan,nan,nan
2028,6,14.0,joint_particular_adaptation,0.1726694107055664,ordinary_joint_training_PDP0_to_PDP5,512,20,SGD,nan,0.01,512,nan,nan,nan
2028,6,16.0,joint_particular_adaptation,0.1606073379516601,ordinary_joint_training_PDP0_to_PDP5,512,20,SGD,nan,0.01,512,nan,nan,nan
2028,6,18.0,joint_particular_adaptation,0.1528892517089843,ordinary_joint_training_PDP0_to_PDP5,512,20,SGD,nan,0.01,512,nan,nan,nan
2028,6,20.0,joint_particular_adaptation,0.1495923995971679,ordinary_joint_training_PDP0_to_PDP5,512,20,SGD,nan,0.01,512,nan,nan,nan
2028,6,0.0,algorithm1_particular_adaptation,0.3660526275634765,Algorithm1_iADMM_PDP0_to_PDP5,512,20,SGD,nan,0.01,512,1200.0,20.0,5000.0
2028,6,2.0,algorithm1_particular_adaptation,0.3223953247070312,Algorithm1_iADMM_PDP0_to_PDP5,512,20,SGD,nan,0.01,512,1200.0,20.0,5000.0
2028,6,4.0,algorithm1_particular_adaptation,0.2753419876098633,Algorithm1_iADMM_PDP0_to_PDP5,512,20,SGD,nan,0.01,512,1200.0,20.0,5000.0
2028,6,6.0,algorithm1_particular_adaptation,0.2268075942993164,Algorithm1_iADMM_PDP0_to_PDP5,512,20,SGD,nan,0.01,512,1200.0,20.0,5000.0
2028,6,8.0,algorithm1_particular_adaptation,0.1841669082641601,Algorithm1_iADMM_PDP0_to_PDP5,512,20,SGD,nan,0.01,512,1200.0,20.0,5000.0
2028,6,10.0,algorithm1_particular_adaptation,0.1467227935791015,Algorithm1_iADMM_PDP0_to_PDP5,512,20,SGD,nan,0.01,512,1200.0,20.0,5000.0
2028,6,12.0,algorithm1_particular_adaptation,0.1190595626831054,Algorithm1_iADMM_PDP0_to_PDP5,512,20,SGD,nan,0.01,512,1200.0,20.0,5000.0
2028,6,14.0,algorithm1_particular_adaptation,0.0970563888549804,Algorithm1_iADMM_PDP0_to_PDP5,512,20,SGD,nan,0.01,512,1200.0,20.0,5000.0
2028,6,16.0,algorithm1_particular_adaptation,0.084228515625,Algorithm1_iADMM_PDP0_to_PDP5,512,20,SGD,nan,0.01,512,1200.0,20.0,5000.0
2028,6,18.0,algorithm1_particular_adaptation,0.0754508972167968,Algorithm1_iADMM_PDP0_to_PDP5,512,20,SGD,nan,0.01,512,1200.0,20.0,5000.0
2028,6,20.0,algorithm1_particular_adaptation,0.0706920623779296,Algorithm1_iADMM_PDP0_to_PDP5,512,20,SGD,nan,0.01,512,1200.0,20.0,5000.0
2028,6,0.0,joint_particular_adaptation,0.3912887573242187,ordinary_joint_training_PDP0_to_PDP5,1024,20,SGD,nan,0.01,1024,nan,nan,nan
2028,6,2.0,joint_particular_adaptation,0.3576498031616211,ordinary_joint_training_PDP0_to_PDP5,1024,20,SGD,nan,0.01,1024,nan,nan,nan
2028,6,4.0,joint_particular_adaptation,0.3205451965332031,ordinary_joint_training_PDP0_to_PDP5,1024,20,SGD,nan,0.01,1024,nan,nan,nan
2028,6,6.0,joint_particular_adaptation,0.2799110412597656,ordinary_joint_training_PDP0_to_PDP5,1024,20,SGD,nan,0.01,1024,nan,nan,nan
2028,6,8.0,joint_particular_adaptation,0.2450504302978515,ordinary_joint_training_PDP0_to_PDP5,1024,20,SGD,nan,0.01,1024,nan,nan,nan
2028,6,10.0,joint_particular_adaptation,0.2143325805664062,ordinary_joint_training_PDP0_to_PDP5,1024,20,SGD,nan,0.01,1024,nan,nan,nan
2028,6,12.0,joint_particular_adaptation,0.190434455871582,ordinary_joint_training_PDP0_to_PDP5,1024,20,SGD,nan,0.01,1024,nan,nan,nan
2028,6,14.0,joint_particular_adaptation,0.1712799072265625,ordinary_joint_training_PDP0_to_PDP5,1024,20,SGD,nan,0.01,1024,nan,nan,nan
2028,6,16.0,joint_particular_adaptation,0.1590223312377929,ordinary_joint_training_PDP0_to_PDP5,1024,20,SGD,nan,0.01,1024,nan,nan,nan
2028,6,18.0,joint_particular_adaptation,0.1515932083129882,ordinary_joint_training_PDP0_to_PDP5,1024,20,SGD,nan,0.01,1024,nan,nan,nan
2028,6,20.0,joint_particular_adaptation,0.1484537124633789,ordinary_joint_training_PDP0_to_PDP5,1024,20,SGD,nan,0.01,1024,nan,nan,nan
2028,6,0.0,algorithm1_particular_adaptation,0.3646440505981445,Algorithm1_iADMM_PDP0_to_PDP5,1024,20,SGD,nan,0.01,1024,1200.0,20.0,5000.0
2028,6,2.0,algorithm1_particular_adaptation,0.3214406967163086,Algorithm1_iADMM_PDP0_to_PDP5,1024,20,SGD,nan,0.01,1024,1200.0,20.0,5000.0
2028,6,4.0,algorithm1_particular_adaptation,0.2729749679565429,Algorithm1_iADMM_PDP0_to_PDP5,1024,20,SGD,nan,0.01,1024,1200.0,20.0,5000.0
2028,6,6.0,algorithm1_particular_adaptation,0.2247886657714843,Algorithm1_iADMM_PDP0_to_PDP5,1024,20,SGD,nan,0.01,1024,1200.0,20.0,5000.0
2028,6,8.0,algorithm1_particular_adaptation,0.1815166473388672,Algorithm1_iADMM_PDP0_to_PDP5,1024,20,SGD,nan,0.01,1024,1200.0,20.0,5000.0
2028,6,10.0,algorithm1_particular_adaptation,0.1454267501831054,Algorithm1_iADMM_PDP0_to_PDP5,1024,20,SGD,nan,0.01,1024,1200.0,20.0,5000.0
2028,6,12.0,algorithm1_particular_adaptation,0.1175823211669921,Algorithm1_iADMM_PDP0_to_PDP5,1024,20,SGD,nan,0.01,1024,1200.0,20.0,5000.0
2028,6,14.0,algorithm1_particular_adaptation,0.0955038070678711,Algorithm1_iADMM_PDP0_to_PDP5,1024,20,SGD,nan,0.01,1024,1200.0,20.0,5000.0
2028,6,16.0,algorithm1_particular_adaptation,0.0823554992675781,Algorithm1_iADMM_PDP0_to_PDP5,1024,20,SGD,nan,0.01,1024,1200.0,20.0,5000.0
2028,6,18.0,algorithm1_particular_adaptation,0.0739469528198242,Algorithm1_iADMM_PDP0_to_PDP5,1024,20,SGD,nan,0.01,1024,1200.0,20.0,5000.0
2028,6,20.0,algorithm1_particular_adaptation,0.0689897537231445,Algorithm1_iADMM_PDP0_to_PDP5,1024,20,SGD,nan,0.01,1024,1200.0,20.0,5000.0
2028,6,0.0,joint_particular_adaptation,0.3898248672485351,ordinary_joint_training_PDP0_to_PDP5,2048,20,SGD,nan,0.01,2048,nan,nan,nan
2028,6,2.0,joint_particular_adaptation,0.3559103012084961,ordinary_joint_training_PDP0_to_PDP5,2048,20,SGD,nan,0.01,2048,nan,nan,nan
2028,6,4.0,joint_particular_adaptation,0.3191871643066406,ordinary_joint_training_PDP0_to_PDP5,2048,20,SGD,nan,0.01,2048,nan,nan,nan
2028,6,6.0,joint_particular_adaptation,0.2779684066772461,ordinary_joint_training_PDP0_to_PDP5,2048,20,SGD,nan,0.01,2048,nan,nan,nan
2028,6,8.0,joint_particular_adaptation,0.2430315017700195,ordinary_joint_training_PDP0_to_PDP5,2048,20,SGD,nan,0.01,2048,nan,nan,nan
2028,6,10.0,joint_particular_adaptation,0.2126684188842773,ordinary_joint_training_PDP0_to_PDP5,2048,20,SGD,nan,0.01,2048,nan,nan,nan
2028,6,12.0,joint_particular_adaptation,0.1885395050048828,ordinary_joint_training_PDP0_to_PDP5,2048,20,SGD,nan,0.01,2048,nan,nan,nan
2028,6,14.0,joint_particular_adaptation,0.1699190139770507,ordinary_joint_training_PDP0_to_PDP5,2048,20,SGD,nan,0.01,2048,nan,nan,nan
2028,6,16.0,joint_particular_adaptation,0.157449722290039,ordinary_joint_training_PDP0_to_PDP5,2048,20,SGD,nan,0.01,2048,nan,nan,nan
2028,6,18.0,joint_particular_adaptation,0.1498298645019531,ordinary_joint_training_PDP0_to_PDP5,2048,20,SGD,nan,0.01,2048,nan,nan,nan
2028,6,20.0,joint_particular_adaptation,0.1472282409667968,ordinary_joint_training_PDP0_to_PDP5,2048,20,SGD,nan,0.01,2048,nan,nan,nan
2028,6,0.0,algorithm1_particular_adaptation,0.363565444946289,Algorithm1_iADMM_PDP0_to_PDP5,2048,20,SGD,nan,0.01,2048,1200.0,20.0,5000.0
2028,6,2.0,algorithm1_particular_adaptation,0.3190116882324219,Algorithm1_iADMM_PDP0_to_PDP5,2048,20,SGD,nan,0.01,2048,1200.0,20.0,5000.0
2028,6,4.0,algorithm1_particular_adaptation,0.2720890045166015,Algorithm1_iADMM_PDP0_to_PDP5,2048,20,SGD,nan,0.01,2048,1200.0,20.0,5000.0
2028,6,6.0,algorithm1_particular_adaptation,0.2228870391845703,Algorithm1_iADMM_PDP0_to_PDP5,2048,20,SGD,nan,0.01,2048,1200.0,20.0,5000.0
2028,6,8.0,algorithm1_particular_adaptation,0.1791973114013672,Algorithm1_iADMM_PDP0_to_PDP5,2048,20,SGD,nan,0.01,2048,1200.0,20.0,5000.0
2028,6,10.0,algorithm1_particular_adaptation,0.1434793472290039,Algorithm1_iADMM_PDP0_to_PDP5,2048,20,SGD,nan,0.01,2048,1200.0,20.0,5000.0
2028,6,12.0,algorithm1_particular_adaptation,0.1143875122070312,Algorithm1_iADMM_PDP0_to_PDP5,2048,20,SGD,nan,0.01,2048,1200.0,20.0,5000.0
2028,6,14.0,algorithm1_particular_adaptation,0.0936126708984375,Algorithm1_iADMM_PDP0_to_PDP5,2048,20,SGD,nan,0.01,2048,1200.0,20.0,5000.0
2028,6,16.0,algorithm1_particular_adaptation,0.0800113677978515,Algorithm1_iADMM_PDP0_to_PDP5,2048,20,SGD,nan,0.01,2048,1200.0,20.0,5000.0
2028,6,18.0,algorithm1_particular_adaptation,0.0720863342285156,Algorithm1_iADMM_PDP0_to_PDP5,2048,20,SGD,nan,0.01,2048,1200.0,20.0,5000.0
2028,6,20.0,algorithm1_particular_adaptation,0.0668258666992187,Algorithm1_iADMM_PDP0_to_PDP5,2048,20,SGD,nan,0.01,2048,1200.0,20.0,5000.0
2028,6,0.0,joint_particular_adaptation,0.3894491195678711,ordinary_joint_training_PDP0_to_PDP5,4096,20,SGD,nan,0.01,4096,nan,nan,nan
2028,6,2.0,joint_particular_adaptation,0.3543968200683594,ordinary_joint_training_PDP0_to_PDP5,4096,20,SGD,nan,0.01,4096,nan,nan,nan
2028,6,4.0,joint_particular_adaptation,0.3167896270751953,ordinary_joint_training_PDP0_to_PDP5,4096,20,SGD,nan,0.01,4096,nan,nan,nan
2028,6,6.0,joint_particular_adaptation,0.2765312194824219,ordinary_joint_training_PDP0_to_PDP5,4096,20,SGD,nan,0.01,4096,nan,nan,nan
2028,6,8.0,joint_particular_adaptation,0.241434097290039,ordinary_joint_training_PDP0_to_PDP5,4096,20,SGD,nan,0.01,4096,nan,nan,nan
2028,6,10.0,joint_particular_adaptation,0.2100229263305664,ordinary_joint_training_PDP0_to_PDP5,4096,20,SGD,nan,0.01,4096,nan,nan,nan
2028,6,12.0,joint_particular_adaptation,0.1849908828735351,ordinary_joint_training_PDP0_to_PDP5,4096,20,SGD,nan,0.01,4096,nan,nan,nan
2028,6,14.0,joint_particular_adaptation,0.1664390563964843,ordinary_joint_training_PDP0_to_PDP5,4096,20,SGD,nan,0.01,4096,nan,nan,nan
2028,6,16.0,joint_particular_adaptation,0.1543455123901367,ordinary_joint_training_PDP0_to_PDP5,4096,20,SGD,nan,0.01,4096,nan,nan,nan
2028,6,18.0,joint_particular_adaptation,0.1465044021606445,ordinary_joint_training_PDP0_to_PDP5,4096,20,SGD,nan,0.01,4096,nan,nan,nan
2028,6,20.0,joint_particular_adaptation,0.1437187194824218,ordinary_joint_training_PDP0_to_PDP5,4096,20,SGD,nan,0.01,4096,nan,nan,nan
2028,6,0.0,algorithm1_particular_adaptation,0.3612623214721679,Algorithm1_iADMM_PDP0_to_PDP5,4096,20,SGD,nan,0.01,4096,1200.0,20.0,5000.0
2028,6,2.0,algorithm1_particular_adaptation,0.3165359497070312,Algorithm1_iADMM_PDP0_to_PDP5,4096,20,SGD,nan,0.01,4096,1200.0,20.0,5000.0
2028,6,4.0,algorithm1_particular_adaptation,0.2688188552856445,Algorithm1_iADMM_PDP0_to_PDP5,4096,20,SGD,nan,0.01,4096,1200.0,20.0,5000.0
2028,6,6.0,algorithm1_particular_adaptation,0.219578742980957,Algorithm1_iADMM_PDP0_to_PDP5,4096,20,SGD,nan,0.01,4096,1200.0,20.0,5000.0
2028,6,8.0,algorithm1_particular_adaptation,0.1758575439453125,Algorithm1_iADMM_PDP0_to_PDP5,4096,20,SGD,nan,0.01,4096,1200.0,20.0,5000.0
2028,6,10.0,algorithm1_particular_adaptation,0.1397590637207031,Algorithm1_iADMM_PDP0_to_PDP5,4096,20,SGD,nan,0.01,4096,1200.0,20.0,5000.0
2028,6,12.0,algorithm1_particular_adaptation,0.1124153137207031,Algorithm1_iADMM_PDP0_to_PDP5,4096,20,SGD,nan,0.01,4096,1200.0,20.0,5000.0
2028,6,14.0,algorithm1_particular_adaptation,0.0905513763427734,Algorithm1_iADMM_PDP0_to_PDP5,4096,20,SGD,nan,0.01,4096,1200.0,20.0,5000.0
2028,6,16.0,algorithm1_particular_adaptation,0.0778989791870117,Algorithm1_iADMM_PDP0_to_PDP5,4096,20,SGD,nan,0.01,4096,1200.0,20.0,5000.0
2028,6,18.0,algorithm1_particular_adaptation,0.0687284469604492,Algorithm1_iADMM_PDP0_to_PDP5,4096,20,SGD,nan,0.01,4096,1200.0,20.0,5000.0
2028,6,20.0,algorithm1_particular_adaptation,0.0644330978393554,Algorithm1_iADMM_PDP0_to_PDP5,4096,20,SGD,nan,0.01,4096,1200.0,20.0,5000.0
2028,6,0.0,joint_particular_adaptation,0.3874845504760742,ordinary_joint_training_PDP0_to_PDP5,8192,20,SGD,nan,0.01,8192,nan,nan,nan
2028,6,2.0,joint_particular_adaptation,0.3536157608032226,ordinary_joint_training_PDP0_to_PDP5,8192,20,SGD,nan,0.01,8192,nan,nan,nan
2028,6,4.0,joint_particular_adaptation,0.3144674301147461,ordinary_joint_training_PDP0_to_PDP5,8192,20,SGD,nan,0.01,8192,nan,nan,nan
2028,6,6.0,joint_particular_adaptation,0.2735424041748047,ordinary_joint_training_PDP0_to_PDP5,8192,20,SGD,nan,0.01,8192,nan,nan,nan
2028,6,8.0,joint_particular_adaptation,0.2378883361816406,ordinary_joint_training_PDP0_to_PDP5,8192,20,SGD,nan,0.01,8192,nan,nan,nan
2028,6,10.0,joint_particular_adaptation,0.2063350677490234,ordinary_joint_training_PDP0_to_PDP5,8192,20,SGD,nan,0.01,8192,nan,nan,nan
2028,6,12.0,joint_particular_adaptation,0.1819114685058593,ordinary_joint_training_PDP0_to_PDP5,8192,20,SGD,nan,0.01,8192,nan,nan,nan
2028,6,14.0,joint_particular_adaptation,0.1625928878784179,ordinary_joint_training_PDP0_to_PDP5,8192,20,SGD,nan,0.01,8192,nan,nan,nan
2028,6,16.0,joint_particular_adaptation,0.1502952575683593,ordinary_joint_training_PDP0_to_PDP5,8192,20,SGD,nan,0.01,8192,nan,nan,nan
2028,6,18.0,joint_particular_adaptation,0.1423883438110351,ordinary_joint_training_PDP0_to_PDP5,8192,20,SGD,nan,0.01,8192,nan,nan,nan
2028,6,20.0,joint_particular_adaptation,0.1392412185668945,ordinary_joint_training_PDP0_to_PDP5,8192,20,SGD,nan,0.01,8192,nan,nan,nan
2028,6,0.0,algorithm1_particular_adaptation,0.3586626052856445,Algorithm1_iADMM_PDP0_to_PDP5,8192,20,SGD,nan,0.01,8192,1200.0,20.0,5000.0
2028,6,2.0,algorithm1_particular_adaptation,0.3146648406982422,Algorithm1_iADMM_PDP0_to_PDP5,8192,20,SGD,nan,0.01,8192,1200.0,20.0,5000.0
2028,6,4.0,algorithm1_particular_adaptation,0.2659692764282226,Algorithm1_iADMM_PDP0_to_PDP5,8192,20,SGD,nan,0.01,8192,1200.0,20.0,5000.0
2028,6,6.0,algorithm1_particular_adaptation,0.2161407470703125,Algorithm1_iADMM_PDP0_to_PDP5,8192,20,SGD,nan,0.01,8192,1200.0,20.0,5000.0
2028,6,8.0,algorithm1_particular_adaptation,0.1726551055908203,Algorithm1_iADMM_PDP0_to_PDP5,8192,20,SGD,nan,0.01,8192,1200.0,20.0,5000.0
2028,6,10.0,algorithm1_particular_adaptation,0.1362628936767578,Algorithm1_iADMM_PDP0_to_PDP5,8192,20,SGD,nan,0.01,8192,1200.0,20.0,5000.0
2028,6,12.0,algorithm1_particular_adaptation,0.1083297729492187,Algorithm1_iADMM_PDP0_to_PDP5,8192,20,SGD,nan,0.01,8192,1200.0,20.0,5000.0
2028,6,14.0,algorithm1_particular_adaptation,0.0869274139404296,Algorithm1_iADMM_PDP0_to_PDP5,8192,20,SGD,nan,0.01,8192,1200.0,20.0,5000.0
2028,6,16.0,algorithm1_particular_adaptation,0.0745754241943359,Algorithm1_iADMM_PDP0_to_PDP5,8192,20,SGD,nan,0.01,8192,1200.0,20.0,5000.0
2028,6,18.0,algorithm1_particular_adaptation,0.0660457611083984,Algorithm1_iADMM_PDP0_to_PDP5,8192,20,SGD,nan,0.01,8192,1200.0,20.0,5000.0
2028,6,20.0,algorithm1_particular_adaptation,0.0616102218627929,Algorithm1_iADMM_PDP0_to_PDP5,8192,20,SGD,nan,0.01,8192,1200.0,20.0,5000.0
2028,7,0.0,joint_particular_adaptation,0.3941593170166015,ordinary_joint_training_PDP0_to_PDP5,512,20,SGD,nan,0.01,512,nan,nan,nan
2028,7,2.0,joint_particular_adaptation,0.3595390319824219,ordinary_joint_training_PDP0_to_PDP5,512,20,SGD,nan,0.01,512,nan,nan,nan
2028,7,4.0,joint_particular_adaptation,0.32281494140625,ordinary_joint_training_PDP0_to_PDP5,512,20,SGD,nan,0.01,512,nan,nan,nan
2028,7,6.0,joint_particular_adaptation,0.2865419387817383,ordinary_joint_training_PDP0_to_PDP5,512,20,SGD,nan,0.01,512,nan,nan,nan
2028,7,8.0,joint_particular_adaptation,0.2531089782714844,ordinary_joint_training_PDP0_to_PDP5,512,20,SGD,nan,0.01,512,nan,nan,nan
2028,7,10.0,joint_particular_adaptation,0.2230720520019531,ordinary_joint_training_PDP0_to_PDP5,512,20,SGD,nan,0.01,512,nan,nan,nan
2028,7,12.0,joint_particular_adaptation,0.2001314163208007,ordinary_joint_training_PDP0_to_PDP5,512,20,SGD,nan,0.01,512,nan,nan,nan
2028,7,14.0,joint_particular_adaptation,0.1817102432250976,ordinary_joint_training_PDP0_to_PDP5,512,20,SGD,nan,0.01,512,nan,nan,nan
2028,7,16.0,joint_particular_adaptation,0.1706047058105468,ordinary_joint_training_PDP0_to_PDP5,512,20,SGD,nan,0.01,512,nan,nan,nan
2028,7,18.0,joint_particular_adaptation,0.1648139953613281,ordinary_joint_training_PDP0_to_PDP5,512,20,SGD,nan,0.01,512,nan,nan,nan
2028,7,20.0,joint_particular_adaptation,0.1576652526855468,ordinary_joint_training_PDP0_to_PDP5,512,20,SGD,nan,0.01,512,nan,nan,nan
2028,7,0.0,algorithm1_particular_adaptation,0.3651199340820312,Algorithm1_iADMM_PDP0_to_PDP5,512,20,SGD,nan,0.01,512,1200.0,20.0,5000.0
2028,7,2.0,algorithm1_particular_adaptation,0.3193655014038086,Algorithm1_iADMM_PDP0_to_PDP5,512,20,SGD,nan,0.01,512,1200.0,20.0,5000.0
2028,7,4.0,algorithm1_particular_adaptation,0.2720212936401367,Algorithm1_iADMM_PDP0_to_PDP5,512,20,SGD,nan,0.01,512,1200.0,20.0,5000.0
2028,7,6.0,algorithm1_particular_adaptation,0.2261323928833007,Algorithm1_iADMM_PDP0_to_PDP5,512,20,SGD,nan,0.01,512,1200.0,20.0,5000.0
2028,7,8.0,algorithm1_particular_adaptation,0.1837120056152343,Algorithm1_iADMM_PDP0_to_PDP5,512,20,SGD,nan,0.01,512,1200.0,20.0,5000.0
2028,7,10.0,algorithm1_particular_adaptation,0.1483039855957031,Algorithm1_iADMM_PDP0_to_PDP5,512,20,SGD,nan,0.01,512,1200.0,20.0,5000.0
2028,7,12.0,algorithm1_particular_adaptation,0.1187305450439453,Algorithm1_iADMM_PDP0_to_PDP5,512,20,SGD,nan,0.01,512,1200.0,20.0,5000.0
2028,7,14.0,algorithm1_particular_adaptation,0.0986804962158203,Algorithm1_iADMM_PDP0_to_PDP5,512,20,SGD,nan,0.01,512,1200.0,20.0,5000.0
2028,7,16.0,algorithm1_particular_adaptation,0.0852165222167968,Algorithm1_iADMM_PDP0_to_PDP5,512,20,SGD,nan,0.01,512,1200.0,20.0,5000.0
2028,7,18.0,algorithm1_particular_adaptation,0.0773687362670898,Algorithm1_iADMM_PDP0_to_PDP5,512,20,SGD,nan,0.01,512,1200.0,20.0,5000.0
2028,7,20.0,algorithm1_particular_adaptation,0.0715303421020507,Algorithm1_iADMM_PDP0_to_PDP5,512,20,SGD,nan,0.01,512,1200.0,20.0,5000.0
2028,7,0.0,joint_particular_adaptation,0.3936977386474609,ordinary_joint_training_PDP0_to_PDP5,1024,20,SGD,nan,0.01,1024,nan,nan,nan
2028,7,2.0,joint_particular_adaptation,0.3585996627807617,ordinary_joint_training_PDP0_to_PDP5,1024,20,SGD,nan,0.01,1024,nan,nan,nan
2028,7,4.0,joint_particular_adaptation,0.3219280242919922,ordinary_joint_training_PDP0_to_PDP5,1024,20,SGD,nan,0.01,1024,nan,nan,nan
2028,7,6.0,joint_particular_adaptation,0.2854585647583008,ordinary_joint_training_PDP0_to_PDP5,1024,20,SGD,nan,0.01,1024,nan,nan,nan
2028,7,8.0,joint_particular_adaptation,0.2519035339355469,ordinary_joint_training_PDP0_to_PDP5,1024,20,SGD,nan,0.01,1024,nan,nan,nan
2028,7,10.0,joint_particular_adaptation,0.2220840454101562,ordinary_joint_training_PDP0_to_PDP5,1024,20,SGD,nan,0.01,1024,nan,nan,nan
2028,7,12.0,joint_particular_adaptation,0.199284553527832,ordinary_joint_training_PDP0_to_PDP5,1024,20,SGD,nan,0.01,1024,nan,nan,nan
2028,7,14.0,joint_particular_adaptation,0.1804227828979492,ordinary_joint_training_PDP0_to_PDP5,1024,20,SGD,nan,0.01,1024,nan,nan,nan
2028,7,16.0,joint_particular_adaptation,0.1693811416625976,ordinary_joint_training_PDP0_to_PDP5,1024,20,SGD,nan,0.01,1024,nan,nan,nan
2028,7,18.0,joint_particular_adaptation,0.1639995574951172,ordinary_joint_training_PDP0_to_PDP5,1024,20,SGD,nan,0.01,1024,nan,nan,nan
2028,7,20.0,joint_particular_adaptation,0.1567420959472656,ordinary_joint_training_PDP0_to_PDP5,1024,20,SGD,nan,0.01,1024,nan,nan,nan
2028,7,0.0,algorithm1_particular_adaptation,0.3643465042114258,Algorithm1_iADMM_PDP0_to_PDP5,1024,20,SGD,nan,0.01,1024,1200.0,20.0,5000.0
2028,7,2.0,algorithm1_particular_adaptation,0.3182840347290039,Algorithm1_iADMM_PDP0_to_PDP5,1024,20,SGD,nan,0.01,1024,1200.0,20.0,5000.0
2028,7,4.0,algorithm1_particular_adaptation,0.270359992980957,Algorithm1_iADMM_PDP0_to_PDP5,1024,20,SGD,nan,0.01,1024,1200.0,20.0,5000.0
2028,7,6.0,algorithm1_particular_adaptation,0.2249641418457031,Algorithm1_iADMM_PDP0_to_PDP5,1024,20,SGD,nan,0.01,1024,1200.0,20.0,5000.0
2028,7,8.0,algorithm1_particular_adaptation,0.1820106506347656,Algorithm1_iADMM_PDP0_to_PDP5,1024,20,SGD,nan,0.01,1024,1200.0,20.0,5000.0
2028,7,10.0,algorithm1_particular_adaptation,0.1461324691772461,Algorithm1_iADMM_PDP0_to_PDP5,1024,20,SGD,nan,0.01,1024,1200.0,20.0,5000.0
2028,7,12.0,algorithm1_particular_adaptation,0.1168832778930664,Algorithm1_iADMM_PDP0_to_PDP5,1024,20,SGD,nan,0.01,1024,1200.0,20.0,5000.0
2028,7,14.0,algorithm1_particular_adaptation,0.0974807739257812,Algorithm1_iADMM_PDP0_to_PDP5,1024,20,SGD,nan,0.01,1024,1200.0,20.0,5000.0
2028,7,16.0,algorithm1_particular_adaptation,0.0835084915161132,Algorithm1_iADMM_PDP0_to_PDP5,1024,20,SGD,nan,0.01,1024,1200.0,20.0,5000.0
2028,7,18.0,algorithm1_particular_adaptation,0.076150894165039,Algorithm1_iADMM_PDP0_to_PDP5,1024,20,SGD,nan,0.01,1024,1200.0,20.0,5000.0
2028,7,20.0,algorithm1_particular_adaptation,0.0699996948242187,Algorithm1_iADMM_PDP0_to_PDP5,1024,20,SGD,nan,0.01,1024,1200.0,20.0,5000.0
2028,7,0.0,joint_particular_adaptation,0.3921442031860351,ordinary_joint_training_PDP0_to_PDP5,2048,20,SGD,nan,0.01,2048,nan,nan,nan
2028,7,2.0,joint_particular_adaptation,0.3583841323852539,ordinary_joint_training_PDP0_to_PDP5,2048,20,SGD,nan,0.01,2048,nan,nan,nan
2028,7,4.0,joint_particular_adaptation,0.3216104507446289,ordinary_joint_training_PDP0_to_PDP5,2048,20,SGD,nan,0.01,2048,nan,nan,nan
2028,7,6.0,joint_particular_adaptation,0.2834548950195312,ordinary_joint_training_PDP0_to_PDP5,2048,20,SGD,nan,0.01,2048,nan,nan,nan
2028,7,8.0,joint_particular_adaptation,0.2508115768432617,ordinary_joint_training_PDP0_to_PDP5,2048,20,SGD,nan,0.01,2048,nan,nan,nan
2028,7,10.0,joint_particular_adaptation,0.2207841873168945,ordinary_joint_training_PDP0_to_PDP5,2048,20,SGD,nan,0.01,2048,nan,nan,nan
2028,7,12.0,joint_particular_adaptation,0.1977205276489257,ordinary_joint_training_PDP0_to_PDP5,2048,20,SGD,nan,0.01,2048,nan,nan,nan
2028,7,14.0,joint_particular_adaptation,0.1795310974121093,ordinary_joint_training_PDP0_to_PDP5,2048,20,SGD,nan,0.01,2048,nan,nan,nan
2028,7,16.0,joint_particular_adaptation,0.1678276062011718,ordinary_joint_training_PDP0_to_PDP5,2048,20,SGD,nan,0.01,2048,nan,nan,nan
2028,7,18.0,joint_particular_adaptation,0.1626272201538086,ordinary_joint_training_PDP0_to_PDP5,2048,20,SGD,nan,0.01,2048,nan,nan,nan
2028,7,20.0,joint_particular_adaptation,0.1553716659545898,ordinary_joint_training_PDP0_to_PDP5,2048,20,SGD,nan,0.01,2048,nan,nan,nan
2028,7,0.0,algorithm1_particular_adaptation,0.3624229431152344,Algorithm1_iADMM_PDP0_to_PDP5,2048,20,SGD,nan,0.01,2048,1200.0,20.0,5000.0
2028,7,2.0,algorithm1_particular_adaptation,0.3173780441284179,Algorithm1_iADMM_PDP0_to_PDP5,2048,20,SGD,nan,0.01,2048,1200.0,20.0,5000.0
2028,7,4.0,algorithm1_particular_adaptation,0.2694654464721679,Algorithm1_iADMM_PDP0_to_PDP5,2048,20,SGD,nan,0.01,2048,1200.0,20.0,5000.0
2028,7,6.0,algorithm1_particular_adaptation,0.2222414016723632,Algorithm1_iADMM_PDP0_to_PDP5,2048,20,SGD,nan,0.01,2048,1200.0,20.0,5000.0
2028,7,8.0,algorithm1_particular_adaptation,0.1800947189331054,Algorithm1_iADMM_PDP0_to_PDP5,2048,20,SGD,nan,0.01,2048,1200.0,20.0,5000.0
2028,7,10.0,algorithm1_particular_adaptation,0.1442203521728515,Algorithm1_iADMM_PDP0_to_PDP5,2048,20,SGD,nan,0.01,2048,1200.0,20.0,5000.0
2028,7,12.0,algorithm1_particular_adaptation,0.1154203414916992,Algorithm1_iADMM_PDP0_to_PDP5,2048,20,SGD,nan,0.01,2048,1200.0,20.0,5000.0
2028,7,14.0,algorithm1_particular_adaptation,0.0953378677368164,Algorithm1_iADMM_PDP0_to_PDP5,2048,20,SGD,nan,0.01,2048,1200.0,20.0,5000.0
2028,7,16.0,algorithm1_particular_adaptation,0.0816965103149414,Algorithm1_iADMM_PDP0_to_PDP5,2048,20,SGD,nan,0.01,2048,1200.0,20.0,5000.0
2028,7,18.0,algorithm1_particular_adaptation,0.0737524032592773,Algorithm1_iADMM_PDP0_to_PDP5,2048,20,SGD,nan,0.01,2048,1200.0,20.0,5000.0
2028,7,20.0,algorithm1_particular_adaptation,0.0680341720581054,Algorithm1_iADMM_PDP0_to_PDP5,2048,20,SGD,nan,0.01,2048,1200.0,20.0,5000.0
2028,7,0.0,joint_particular_adaptation,0.3921670913696289,ordinary_joint_training_PDP0_to_PDP5,4096,20,SGD,nan,0.01,4096,nan,nan,nan
2028,7,2.0,joint_particular_adaptation,0.3568458557128906,ordinary_joint_training_PDP0_to_PDP5,4096,20,SGD,nan,0.01,4096,nan,nan,nan
2028,7,4.0,joint_particular_adaptation,0.3199911117553711,ordinary_joint_training_PDP0_to_PDP5,4096,20,SGD,nan,0.01,4096,nan,nan,nan
2028,7,6.0,joint_particular_adaptation,0.2831144332885742,ordinary_joint_training_PDP0_to_PDP5,4096,20,SGD,nan,0.01,4096,nan,nan,nan
2028,7,8.0,joint_particular_adaptation,0.2491655349731445,ordinary_joint_training_PDP0_to_PDP5,4096,20,SGD,nan,0.01,4096,nan,nan,nan
2028,7,10.0,joint_particular_adaptation,0.2191419601440429,ordinary_joint_training_PDP0_to_PDP5,4096,20,SGD,nan,0.01,4096,nan,nan,nan
2028,7,12.0,joint_particular_adaptation,0.1955242156982422,ordinary_joint_training_PDP0_to_PDP5,4096,20,SGD,nan,0.01,4096,nan,nan,nan
2028,7,14.0,joint_particular_adaptation,0.1762971878051757,ordinary_joint_training_PDP0_to_PDP5,4096,20,SGD,nan,0.01,4096,nan,nan,nan
2028,7,16.0,joint_particular_adaptation,0.1652431488037109,ordinary_joint_training_PDP0_to_PDP5,4096,20,SGD,nan,0.01,4096,nan,nan,nan
2028,7,18.0,joint_particular_adaptation,0.1601533889770507,ordinary_joint_training_PDP0_to_PDP5,4096,20,SGD,nan,0.01,4096,nan,nan,nan
2028,7,20.0,joint_particular_adaptation,0.1526765823364257,ordinary_joint_training_PDP0_to_PDP5,4096,20,SGD,nan,0.01,4096,nan,nan,nan
2028,7,0.0,algorithm1_particular_adaptation,0.3593702316284179,Algorithm1_iADMM_PDP0_to_PDP5,4096,20,SGD,nan,0.01,4096,1200.0,20.0,5000.0
2028,7,2.0,algorithm1_particular_adaptation,0.3144502639770508,Algorithm1_iADMM_PDP0_to_PDP5,4096,20,SGD,nan,0.01,4096,1200.0,20.0,5000.0
2028,7,4.0,algorithm1_particular_adaptation,0.2664470672607422,Algorithm1_iADMM_PDP0_to_PDP5,4096,20,SGD,nan,0.01,4096,1200.0,20.0,5000.0
2028,7,6.0,algorithm1_particular_adaptation,0.2202768325805664,Algorithm1_iADMM_PDP0_to_PDP5,4096,20,SGD,nan,0.01,4096,1200.0,20.0,5000.0
2028,7,8.0,algorithm1_particular_adaptation,0.176701545715332,Algorithm1_iADMM_PDP0_to_PDP5,4096,20,SGD,nan,0.01,4096,1200.0,20.0,5000.0
2028,7,10.0,algorithm1_particular_adaptation,0.141061782836914,Algorithm1_iADMM_PDP0_to_PDP5,4096,20,SGD,nan,0.01,4096,1200.0,20.0,5000.0
2028,7,12.0,algorithm1_particular_adaptation,0.1124753952026367,Algorithm1_iADMM_PDP0_to_PDP5,4096,20,SGD,nan,0.01,4096,1200.0,20.0,5000.0
2028,7,14.0,algorithm1_particular_adaptation,0.0928821563720703,Algorithm1_iADMM_PDP0_to_PDP5,4096,20,SGD,nan,0.01,4096,1200.0,20.0,5000.0
2028,7,16.0,algorithm1_particular_adaptation,0.0789070129394531,Algorithm1_iADMM_PDP0_to_PDP5,4096,20,SGD,nan,0.01,4096,1200.0,20.0,5000.0
2028,7,18.0,algorithm1_particular_adaptation,0.071746826171875,Algorithm1_iADMM_PDP0_to_PDP5,4096,20,SGD,nan,0.01,4096,1200.0,20.0,5000.0
2028,7,20.0,algorithm1_particular_adaptation,0.0659542083740234,Algorithm1_iADMM_PDP0_to_PDP5,4096,20,SGD,nan,0.01,4096,1200.0,20.0,5000.0
2028,7,0.0,joint_particular_adaptation,0.3905315399169922,ordinary_joint_training_PDP0_to_PDP5,8192,20,SGD,nan,0.01,8192,nan,nan,nan
2028,7,2.0,joint_particular_adaptation,0.3548355102539062,ordinary_joint_training_PDP0_to_PDP5,8192,20,SGD,nan,0.01,8192,nan,nan,nan
2028,7,4.0,joint_particular_adaptation,0.3169870376586914,ordinary_joint_training_PDP0_to_PDP5,8192,20,SGD,nan,0.01,8192,nan,nan,nan
2028,7,6.0,joint_particular_adaptation,0.2789564132690429,ordinary_joint_training_PDP0_to_PDP5,8192,20,SGD,nan,0.01,8192,nan,nan,nan
2028,7,8.0,joint_particular_adaptation,0.246072769165039,ordinary_joint_training_PDP0_to_PDP5,8192,20,SGD,nan,0.01,8192,nan,nan,nan
2028,7,10.0,joint_particular_adaptation,0.2153902053833007,ordinary_joint_training_PDP0_to_PDP5,8192,20,SGD,nan,0.01,8192,nan,nan,nan
2028,7,12.0,joint_particular_adaptation,0.1920537948608398,ordinary_joint_training_PDP0_to_PDP5,8192,20,SGD,nan,0.01,8192,nan,nan,nan
2028,7,14.0,joint_particular_adaptation,0.1730375289916992,ordinary_joint_training_PDP0_to_PDP5,8192,20,SGD,nan,0.01,8192,nan,nan,nan
2028,7,16.0,joint_particular_adaptation,0.161722183227539,ordinary_joint_training_PDP0_to_PDP5,8192,20,SGD,nan,0.01,8192,nan,nan,nan
2028,7,18.0,joint_particular_adaptation,0.1558666229248047,ordinary_joint_training_PDP0_to_PDP5,8192,20,SGD,nan,0.01,8192,nan,nan,nan
2028,7,20.0,joint_particular_adaptation,0.1488628387451172,ordinary_joint_training_PDP0_to_PDP5,8192,20,SGD,nan,0.01,8192,nan,nan,nan
2028,7,0.0,algorithm1_particular_adaptation,0.3580646514892578,Algorithm1_iADMM_PDP0_to_PDP5,8192,20,SGD,nan,0.01,8192,1200.0,20.0,5000.0
2028,7,2.0,algorithm1_particular_adaptation,0.3123464584350586,Algorithm1_iADMM_PDP0_to_PDP5,8192,20,SGD,nan,0.01,8192,1200.0,20.0,5000.0
2028,7,4.0,algorithm1_particular_adaptation,0.2641477584838867,Algorithm1_iADMM_PDP0_to_PDP5,8192,20,SGD,nan,0.01,8192,1200.0,20.0,5000.0
2028,7,6.0,algorithm1_particular_adaptation,0.2161645889282226,Algorithm1_iADMM_PDP0_to_PDP5,8192,20,SGD,nan,0.01,8192,1200.0,20.0,5000.0
2028,7,8.0,algorithm1_particular_adaptation,0.173985481262207,Algorithm1_iADMM_PDP0_to_PDP5,8192,20,SGD,nan,0.01,8192,1200.0,20.0,5000.0
2028,7,10.0,algorithm1_particular_adaptation,0.1380519866943359,Algorithm1_iADMM_PDP0_to_PDP5,8192,20,SGD,nan,0.01,8192,1200.0,20.0,5000.0
2028,7,12.0,algorithm1_particular_adaptation,0.10980224609375,Algorithm1_iADMM_PDP0_to_PDP5,8192,20,SGD,nan,0.01,8192,1200.0,20.0,5000.0
2028,7,14.0,algorithm1_particular_adaptation,0.0897274017333984,Algorithm1_iADMM_PDP0_to_PDP5,8192,20,SGD,nan,0.01,8192,1200.0,20.0,5000.0
2028,7,16.0,algorithm1_particular_adaptation,0.0761299133300781,Algorithm1_iADMM_PDP0_to_PDP5,8192,20,SGD,nan,0.01,8192,1200.0,20.0,5000.0
2028,7,18.0,algorithm1_particular_adaptation,0.0685501098632812,Algorithm1_iADMM_PDP0_to_PDP5,8192,20,SGD,nan,0.01,8192,1200.0,20.0,5000.0
2028,7,20.0,algorithm1_particular_adaptation,0.0633478164672851,Algorithm1_iADMM_PDP0_to_PDP5,8192,20,SGD,nan,0.01,8192,1200.0,20.0,5000.0
2026,6,0.0,joint_no_adaptation,0.3909873962402344,ordinary_joint_training_PDP0_to_PDP5,0,0,none,SGD,0.0,0,,,
2026,6,2.0,joint_no_adaptation,0.3570785522460937,ordinary_joint_training_PDP0_to_PDP5,0,0,none,SGD,0.0,0,,,
2026,6,4.0,joint_no_adaptation,0.3209857940673828,ordinary_joint_training_PDP0_to_PDP5,0,0,none,SGD,0.0,0,,,
2026,6,6.0,joint_no_adaptation,0.2836294174194336,ordinary_joint_training_PDP0_to_PDP5,0,0,none,SGD,0.0,0,,,
2026,6,8.0,joint_no_adaptation,0.2471637725830078,ordinary_joint_training_PDP0_to_PDP5,0,0,none,SGD,0.0,0,,,
2026,6,10.0,joint_no_adaptation,0.2165956497192382,ordinary_joint_training_PDP0_to_PDP5,0,0,none,SGD,0.0,0,,,
2026,6,12.0,joint_no_adaptation,0.1935329437255859,ordinary_joint_training_PDP0_to_PDP5,0,0,none,SGD,0.0,0,,,
2026,6,14.0,joint_no_adaptation,0.1749725341796875,ordinary_joint_training_PDP0_to_PDP5,0,0,none,SGD,0.0,0,,,
2026,6,16.0,joint_no_adaptation,0.1637306213378906,ordinary_joint_training_PDP0_to_PDP5,0,0,none,SGD,0.0,0,,,
2026,6,18.0,joint_no_adaptation,0.1534948348999023,ordinary_joint_training_PDP0_to_PDP5,0,0,none,SGD,0.0,0,,,
2026,6,20.0,joint_no_adaptation,0.1511459350585937,ordinary_joint_training_PDP0_to_PDP5,0,0,none,SGD,0.0,0,,,
2026,7,0.0,joint_no_adaptation,0.3936109542846679,ordinary_joint_training_PDP0_to_PDP5,0,0,none,SGD,0.0,0,,,
2026,7,2.0,joint_no_adaptation,0.3597183227539062,ordinary_joint_training_PDP0_to_PDP5,0,0,none,SGD,0.0,0,,,
2026,7,4.0,joint_no_adaptation,0.3204975128173828,ordinary_joint_training_PDP0_to_PDP5,0,0,none,SGD,0.0,0,,,
2026,7,6.0,joint_no_adaptation,0.287663459777832,ordinary_joint_training_PDP0_to_PDP5,0,0,none,SGD,0.0,0,,,
2026,7,8.0,joint_no_adaptation,0.2497415542602539,ordinary_joint_training_PDP0_to_PDP5,0,0,none,SGD,0.0,0,,,
2026,7,10.0,joint_no_adaptation,0.2213916778564453,ordinary_joint_training_PDP0_to_PDP5,0,0,none,SGD,0.0,0,,,
2026,7,12.0,joint_no_adaptation,0.2004289627075195,ordinary_joint_training_PDP0_to_PDP5,0,0,none,SGD,0.0,0,,,
2026,7,14.0,joint_no_adaptation,0.184112548828125,ordinary_joint_training_PDP0_to_PDP5,0,0,none,SGD,0.0,0,,,
2026,7,16.0,joint_no_adaptation,0.1709880828857422,ordinary_joint_training_PDP0_to_PDP5,0,0,none,SGD,0.0,0,,,
2026,7,18.0,joint_no_adaptation,0.1629352569580078,ordinary_joint_training_PDP0_to_PDP5,0,0,none,SGD,0.0,0,,,
2026,7,20.0,joint_no_adaptation,0.158487319946289,ordinary_joint_training_PDP0_to_PDP5,0,0,none,SGD,0.0,0,,,
2027,6,0.0,joint_no_adaptation,0.3920927047729492,ordinary_joint_training_PDP0_to_PDP5,0,0,none,SGD,0.0,0,,,
2027,6,2.0,joint_no_adaptation,0.3582744598388672,ordinary_joint_training_PDP0_to_PDP5,0,0,none,SGD,0.0,0,,,
2027,6,4.0,joint_no_adaptation,0.3217754364013672,ordinary_joint_training_PDP0_to_PDP5,0,0,none,SGD,0.0,0,,,
2027,6,6.0,joint_no_adaptation,0.2831068038940429,ordinary_joint_training_PDP0_to_PDP5,0,0,none,SGD,0.0,0,,,
2027,6,8.0,joint_no_adaptation,0.2483463287353515,ordinary_joint_training_PDP0_to_PDP5,0,0,none,SGD,0.0,0,,,
2027,6,10.0,joint_no_adaptation,0.2163171768188476,ordinary_joint_training_PDP0_to_PDP5,0,0,none,SGD,0.0,0,,,
2027,6,12.0,joint_no_adaptation,0.1941556930541992,ordinary_joint_training_PDP0_to_PDP5,0,0,none,SGD,0.0,0,,,
2027,6,14.0,joint_no_adaptation,0.1747846603393554,ordinary_joint_training_PDP0_to_PDP5,0,0,none,SGD,0.0,0,,,
2027,6,16.0,joint_no_adaptation,0.1619997024536132,ordinary_joint_training_PDP0_to_PDP5,0,0,none,SGD,0.0,0,,,
2027,6,18.0,joint_no_adaptation,0.1538972854614257,ordinary_joint_training_PDP0_to_PDP5,0,0,none,SGD,0.0,0,,,
2027,6,20.0,joint_no_adaptation,0.1517648696899414,ordinary_joint_training_PDP0_to_PDP5,0,0,none,SGD,0.0,0,,,
2027,7,0.0,joint_no_adaptation,0.3940973281860351,ordinary_joint_training_PDP0_to_PDP5,0,0,none,SGD,0.0,0,,,
2027,7,2.0,joint_no_adaptation,0.3615741729736328,ordinary_joint_training_PDP0_to_PDP5,0,0,none,SGD,0.0,0,,,
2027,7,4.0,joint_no_adaptation,0.3243951797485351,ordinary_joint_training_PDP0_to_PDP5,0,0,none,SGD,0.0,0,,,
2027,7,6.0,joint_no_adaptation,0.2885894775390625,ordinary_joint_training_PDP0_to_PDP5,0,0,none,SGD,0.0,0,,,
2027,7,8.0,joint_no_adaptation,0.2520828247070312,ordinary_joint_training_PDP0_to_PDP5,0,0,none,SGD,0.0,0,,,
2027,7,10.0,joint_no_adaptation,0.2245864868164062,ordinary_joint_training_PDP0_to_PDP5,0,0,none,SGD,0.0,0,,,
2027,7,12.0,joint_no_adaptation,0.1998796463012695,ordinary_joint_training_PDP0_to_PDP5,0,0,none,SGD,0.0,0,,,
2027,7,14.0,joint_no_adaptation,0.184056282043457,ordinary_joint_training_PDP0_to_PDP5,0,0,none,SGD,0.0,0,,,
2027,7,16.0,joint_no_adaptation,0.172739028930664,ordinary_joint_training_PDP0_to_PDP5,0,0,none,SGD,0.0,0,,,
2027,7,18.0,joint_no_adaptation,0.1639966964721679,ordinary_joint_training_PDP0_to_PDP5,0,0,none,SGD,0.0,0,,,
2027,7,20.0,joint_no_adaptation,0.1585540771484375,ordinary_joint_training_PDP0_to_PDP5,0,0,none,SGD,0.0,0,,,
2028,6,0.0,joint_no_adaptation,0.392735481262207,ordinary_joint_training_PDP0_to_PDP5,0,0,none,SGD,0.0,0,,,
2028,6,2.0,joint_no_adaptation,0.3600978851318359,ordinary_joint_training_PDP0_to_PDP5,0,0,none,SGD,0.0,0,,,
2028,6,4.0,joint_no_adaptation,0.3235664367675781,ordinary_joint_training_PDP0_to_PDP5,0,0,none,SGD,0.0,0,,,
2028,6,6.0,joint_no_adaptation,0.2838315963745117,ordinary_joint_training_PDP0_to_PDP5,0,0,none,SGD,0.0,0,,,
2028,6,8.0,joint_no_adaptation,0.2493419647216797,ordinary_joint_training_PDP0_to_PDP5,0,0,none,SGD,0.0,0,,,
2028,6,10.0,joint_no_adaptation,0.2176437377929687,ordinary_joint_training_PDP0_to_PDP5,0,0,none,SGD,0.0,0,,,
2028,6,12.0,joint_no_adaptation,0.1945095062255859,ordinary_joint_training_PDP0_to_PDP5,0,0,none,SGD,0.0,0,,,
2028,6,14.0,joint_no_adaptation,0.1741046905517578,ordinary_joint_training_PDP0_to_PDP5,0,0,none,SGD,0.0,0,,,
2028,6,16.0,joint_no_adaptation,0.1625747680664062,ordinary_joint_training_PDP0_to_PDP5,0,0,none,SGD,0.0,0,,,
2028,6,18.0,joint_no_adaptation,0.1543922424316406,ordinary_joint_training_PDP0_to_PDP5,0,0,none,SGD,0.0,0,,,
2028,6,20.0,joint_no_adaptation,0.1509218215942382,ordinary_joint_training_PDP0_to_PDP5,0,0,none,SGD,0.0,0,,,
2028,7,0.0,joint_no_adaptation,0.3950538635253906,ordinary_joint_training_PDP0_to_PDP5,0,0,none,SGD,0.0,0,,,
2028,7,2.0,joint_no_adaptation,0.3612775802612304,ordinary_joint_training_PDP0_to_PDP5,0,0,none,SGD,0.0,0,,,
2028,7,4.0,joint_no_adaptation,0.3248262405395508,ordinary_joint_training_PDP0_to_PDP5,0,0,none,SGD,0.0,0,,,
2028,7,6.0,joint_no_adaptation,0.2891902923583984,ordinary_joint_training_PDP0_to_PDP5,0,0,none,SGD,0.0,0,,,
2028,7,8.0,joint_no_adaptation,0.2544717788696289,ordinary_joint_training_PDP0_to_PDP5,0,0,none,SGD,0.0,0,,,
2028,7,10.0,joint_no_adaptation,0.2258386611938476,ordinary_joint_training_PDP0_to_PDP5,0,0,none,SGD,0.0,0,,,
2028,7,12.0,joint_no_adaptation,0.2011280059814453,ordinary_joint_training_PDP0_to_PDP5,0,0,none,SGD,0.0,0,,,
2028,7,14.0,joint_no_adaptation,0.1827516555786132,ordinary_joint_training_PDP0_to_PDP5,0,0,none,SGD,0.0,0,,,
2028,7,16.0,joint_no_adaptation,0.1713199615478515,ordinary_joint_training_PDP0_to_PDP5,0,0,none,SGD,0.0,0,,,
2028,7,18.0,joint_no_adaptation,0.1655082702636718,ordinary_joint_training_PDP0_to_PDP5,0,0,none,SGD,0.0,0,,,
2028,7,20.0,joint_no_adaptation,0.1580772399902343,ordinary_joint_training_PDP0_to_PDP5,0,0,none,SGD,0.0,0,,,
2026,6,0.0,joint_particular_adaptation,0.3888225555419922,ordinary_joint_training_PDP0_to_PDP5,64,20,SGD,,0.01,64,,,
2026,6,2.0,joint_particular_adaptation,0.35390663146972656,ordinary_joint_training_PDP0_to_PDP5,64,20,SGD,,0.01,64,,,
2026,6,4.0,joint_particular_adaptation,0.31696224212646484,ordinary_joint_training_PDP0_to_PDP5,64,20,SGD,,0.01,64,,,
2026,6,6.0,joint_particular_adaptation,0.28264427185058594,ordinary_joint_training_PDP0_to_PDP5,64,20,SGD,,0.01,64,,,
2026,6,8.0,joint_particular_adaptation,0.24852466583251953,ordinary_joint_training_PDP0_to_PDP5,64,20,SGD,,0.01,64,,,
2026,6,10.0,joint_particular_adaptation,0.22077465057373047,ordinary_joint_training_PDP0_to_PDP5,64,20,SGD,,0.01,64,,,
2026,6,12.0,joint_particular_adaptation,0.20128917694091797,ordinary_joint_training_PDP0_to_PDP5,64,20,SGD,,0.01,64,,,
2026,6,14.0,joint_particular_adaptation,0.18657302856445312,ordinary_joint_training_PDP0_to_PDP5,64,20,SGD,,0.01,64,,,
2026,6,16.0,joint_particular_adaptation,0.178131103515625,ordinary_joint_training_PDP0_to_PDP5,64,20,SGD,,0.01,64,,,
2026,6,18.0,joint_particular_adaptation,0.17099571228027344,ordinary_joint_training_PDP0_to_PDP5,64,20,SGD,,0.01,64,,,
2026,6,20.0,joint_particular_adaptation,0.1684255599975586,ordinary_joint_training_PDP0_to_PDP5,64,20,SGD,,0.01,64,,,
2026,6,0.0,algorithm1_particular_adaptation,0.38086605072021484,Algorithm1_iADMM_PDP0_to_PDP5,64,20,SGD,,0.01,64,1200.0,20.0,5000
2026,6,2.0,algorithm1_particular_adaptation,0.3433504104614258,Algorithm1_iADMM_PDP0_to_PDP5,64,20,SGD,,0.01,64,1200.0,20.0,5000
2026,6,4.0,algorithm1_particular_adaptation,0.3072834014892578,Algorithm1_iADMM_PDP0_to_PDP5,64,20,SGD,,0.01,64,1200.0,20.0,5000
2026,6,6.0,algorithm1_particular_adaptation,0.2713642120361328,Algorithm1_iADMM_PDP0_to_PDP5,64,20,SGD,,0.01,64,1200.0,20.0,5000
2026,6,8.0,algorithm1_particular_adaptation,0.2395477294921875,Algorithm1_iADMM_PDP0_to_PDP5,64,20,SGD,,0.01,64,1200.0,20.0,5000
2026,6,10.0,algorithm1_particular_adaptation,0.2145977020263672,Algorithm1_iADMM_PDP0_to_PDP5,64,20,SGD,,0.01,64,1200.0,20.0,5000
2026,6,12.0,algorithm1_particular_adaptation,0.19434547424316406,Algorithm1_iADMM_PDP0_to_PDP5,64,20,SGD,,0.01,64,1200.0,20.0,5000
2026,6,14.0,algorithm1_particular_adaptation,0.18167877197265625,Algorithm1_iADMM_PDP0_to_PDP5,64,20,SGD,,0.01,64,1200.0,20.0,5000
2026,6,16.0,algorithm1_particular_adaptation,0.1713705062866211,Algorithm1_iADMM_PDP0_to_PDP5,64,20,SGD,,0.01,64,1200.0,20.0,5000
2026,6,18.0,algorithm1_particular_adaptation,0.16400718688964844,Algorithm1_iADMM_PDP0_to_PDP5,64,20,SGD,,0.01,64,1200.0,20.0,5000
2026,6,20.0,algorithm1_particular_adaptation,0.1606607437133789,Algorithm1_iADMM_PDP0_to_PDP5,64,20,SGD,,0.01,64,1200.0,20.0,5000
2026,6,0.0,joint_particular_adaptation,0.3888664245605469,ordinary_joint_training_PDP0_to_PDP5,128,20,SGD,,0.01,128,,,
2026,6,2.0,joint_particular_adaptation,0.3531990051269531,ordinary_joint_training_PDP0_to_PDP5,128,20,SGD,,0.01,128,,,
2026,6,4.0,joint_particular_adaptation,0.316253662109375,ordinary_joint_training_PDP0_to_PDP5,128,20,SGD,,0.01,128,,,
2026,6,6.0,joint_particular_adaptation,0.2806100845336914,ordinary_joint_training_PDP0_to_PDP5,128,20,SGD,,0.01,128,,,
2026,6,8.0,joint_particular_adaptation,0.24500083923339844,ordinary_joint_training_PDP0_to_PDP5,128,20,SGD,,0.01,128,,,
2026,6,10.0,joint_particular_adaptation,0.21509075164794922,ordinary_joint_training_PDP0_to_PDP5,128,20,SGD,,0.01,128,,,
2026,6,12.0,joint_particular_adaptation,0.19422149658203125,ordinary_joint_training_PDP0_to_PDP5,128,20,SGD,,0.01,128,,,
2026,6,14.0,joint_particular_adaptation,0.17768478393554688,ordinary_joint_training_PDP0_to_PDP5,128,20,SGD,,0.01,128,,,
2026,6,16.0,joint_particular_adaptation,0.1681346893310547,ordinary_joint_training_PDP0_to_PDP5,128,20,SGD,,0.01,128,,,
2026,6,18.0,joint_particular_adaptation,0.15990257263183594,ordinary_joint_training_PDP0_to_PDP5,128,20,SGD,,0.01,128,,,
2026,6,20.0,joint_particular_adaptation,0.15727996826171875,ordinary_joint_training_PDP0_to_PDP5,128,20,SGD,,0.01,128,,,
2026,6,0.0,algorithm1_particular_adaptation,0.3706340789794922,Algorithm1_iADMM_PDP0_to_PDP5,128,20,SGD,,0.01,128,1200.0,20.0,5000
2026,6,2.0,algorithm1_particular_adaptation,0.3288116455078125,Algorithm1_iADMM_PDP0_to_PDP5,128,20,SGD,,0.01,128,1200.0,20.0,5000
2026,6,4.0,algorithm1_particular_adaptation,0.28565025329589844,Algorithm1_iADMM_PDP0_to_PDP5,128,20,SGD,,0.01,128,1200.0,20.0,5000
2026,6,6.0,algorithm1_particular_adaptation,0.24211406707763672,Algorithm1_iADMM_PDP0_to_PDP5,128,20,SGD,,0.01,128,1200.0,20.0,5000
2026,6,8.0,algorithm1_particular_adaptation,0.20278644561767578,Algorithm1_iADMM_PDP0_to_PDP5,128,20,SGD,,0.01,128,1200.0,20.0,5000
2026,6,10.0,algorithm1_particular_adaptation,0.16887855529785156,Algorithm1_iADMM_PDP0_to_PDP5,128,20,SGD,,0.01,128,1200.0,20.0,5000
2026,6,12.0,algorithm1_particular_adaptation,0.14222240447998047,Algorithm1_iADMM_PDP0_to_PDP5,128,20,SGD,,0.01,128,1200.0,20.0,5000
2026,6,14.0,algorithm1_particular_adaptation,0.12380027770996094,Algorithm1_iADMM_PDP0_to_PDP5,128,20,SGD,,0.01,128,1200.0,20.0,5000
2026,6,16.0,algorithm1_particular_adaptation,0.11027908325195312,Algorithm1_iADMM_PDP0_to_PDP5,128,20,SGD,,0.01,128,1200.0,20.0,5000
2026,6,18.0,algorithm1_particular_adaptation,0.1006174087524414,Algorithm1_iADMM_PDP0_to_PDP5,128,20,SGD,,0.01,128,1200.0,20.0,5000
2026,6,20.0,algorithm1_particular_adaptation,0.09498405456542969,Algorithm1_iADMM_PDP0_to_PDP5,128,20,SGD,,0.01,128,1200.0,20.0,5000
2026,6,0.0,joint_particular_adaptation,0.38976001739501953,ordinary_joint_training_PDP0_to_PDP5,256,20,SGD,,0.01,256,,,
2026,6,2.0,joint_particular_adaptation,0.35399913787841797,ordinary_joint_training_PDP0_to_PDP5,256,20,SGD,,0.01,256,,,
2026,6,4.0,joint_particular_adaptation,0.3168754577636719,ordinary_joint_training_PDP0_to_PDP5,256,20,SGD,,0.01,256,,,
2026,6,6.0,joint_particular_adaptation,0.2807769775390625,ordinary_joint_training_PDP0_to_PDP5,256,20,SGD,,0.01,256,,,
2026,6,8.0,joint_particular_adaptation,0.24436187744140625,ordinary_joint_training_PDP0_to_PDP5,256,20,SGD,,0.01,256,,,
2026,6,10.0,joint_particular_adaptation,0.21328258514404297,ordinary_joint_training_PDP0_to_PDP5,256,20,SGD,,0.01,256,,,
2026,6,12.0,joint_particular_adaptation,0.19097423553466797,ordinary_joint_training_PDP0_to_PDP5,256,20,SGD,,0.01,256,,,
2026,6,14.0,joint_particular_adaptation,0.17317867279052734,ordinary_joint_training_PDP0_to_PDP5,256,20,SGD,,0.01,256,,,
2026,6,16.0,joint_particular_adaptation,0.1626882553100586,ordinary_joint_training_PDP0_to_PDP5,256,20,SGD,,0.01,256,,,
2026,6,18.0,joint_particular_adaptation,0.1535358428955078,ordinary_joint_training_PDP0_to_PDP5,256,20,SGD,,0.01,256,,,
2026,6,20.0,joint_particular_adaptation,0.15087890625,ordinary_joint_training_PDP0_to_PDP5,256,20,SGD,,0.01,256,,,
2026,6,0.0,algorithm1_particular_adaptation,0.366241455078125,Algorithm1_iADMM_PDP0_to_PDP5,256,20,SGD,,0.01,256,1200.0,20.0,5000
2026,6,2.0,algorithm1_particular_adaptation,0.3226280212402344,Algorithm1_iADMM_PDP0_to_PDP5,256,20,SGD,,0.01,256,1200.0,20.0,5000
2026,6,4.0,algorithm1_particular_adaptation,0.2772197723388672,Algorithm1_iADMM_PDP0_to_PDP5,256,20,SGD,,0.01,256,1200.0,20.0,5000
2026,6,6.0,algorithm1_particular_adaptation,0.23105812072753906,Algorithm1_iADMM_PDP0_to_PDP5,256,20,SGD,,0.01,256,1200.0,20.0,5000
2026,6,8.0,algorithm1_particular_adaptation,0.18819141387939453,Algorithm1_iADMM_PDP0_to_PDP5,256,20,SGD,,0.01,256,1200.0,20.0,5000
2026,6,10.0,algorithm1_particular_adaptation,0.15193653106689453,Algorithm1_iADMM_PDP0_to_PDP5,256,20,SGD,,0.01,256,1200.0,20.0,5000
2026,6,12.0,algorithm1_particular_adaptation,0.12424087524414062,Algorithm1_iADMM_PDP0_to_PDP5,256,20,SGD,,0.01,256,1200.0,20.0,5000
2026,6,14.0,algorithm1_particular_adaptation,0.10423088073730469,Algorithm1_iADMM_PDP0_to_PDP5,256,20,SGD,,0.01,256,1200.0,20.0,5000
2026,6,16.0,algorithm1_particular_adaptation,0.09027671813964844,Algorithm1_iADMM_PDP0_to_PDP5,256,20,SGD,,0.01,256,1200.0,20.0,5000
2026,6,18.0,algorithm1_particular_adaptation,0.08115768432617188,Algorithm1_iADMM_PDP0_to_PDP5,256,20,SGD,,0.01,256,1200.0,20.0,5000
2026,6,20.0,algorithm1_particular_adaptation,0.07520294189453125,Algorithm1_iADMM_PDP0_to_PDP5,256,20,SGD,,0.01,256,1200.0,20.0,5000
2026,7,0.0,joint_particular_adaptation,0.39162349700927734,ordinary_joint_training_PDP0_to_PDP5,64,20,SGD,,0.01,64,,,
2026,7,2.0,joint_particular_adaptation,0.35851478576660156,ordinary_joint_training_PDP0_to_PDP5,64,20,SGD,,0.01,64,,,
2026,7,4.0,joint_particular_adaptation,0.31944942474365234,ordinary_joint_training_PDP0_to_PDP5,64,20,SGD,,0.01,64,,,
2026,7,6.0,joint_particular_adaptation,0.28586673736572266,ordinary_joint_training_PDP0_to_PDP5,64,20,SGD,,0.01,64,,,
2026,7,8.0,joint_particular_adaptation,0.2504005432128906,ordinary_joint_training_PDP0_to_PDP5,64,20,SGD,,0.01,64,,,
2026,7,10.0,joint_particular_adaptation,0.2229442596435547,ordinary_joint_training_PDP0_to_PDP5,64,20,SGD,,0.01,64,,,
2026,7,12.0,joint_particular_adaptation,0.20547962188720703,ordinary_joint_training_PDP0_to_PDP5,64,20,SGD,,0.01,64,,,
2026,7,14.0,joint_particular_adaptation,0.19140148162841797,ordinary_joint_training_PDP0_to_PDP5,64,20,SGD,,0.01,64,,,
2026,7,16.0,joint_particular_adaptation,0.18068218231201172,ordinary_joint_training_PDP0_to_PDP5,64,20,SGD,,0.01,64,,,
2026,7,18.0,joint_particular_adaptation,0.17377948760986328,ordinary_joint_training_PDP0_to_PDP5,64,20,SGD,,0.01,64,,,
2026,7,20.0,joint_particular_adaptation,0.17013168334960938,ordinary_joint_training_PDP0_to_PDP5,64,20,SGD,,0.01,64,,,
2026,7,0.0,algorithm1_particular_adaptation,0.37137317657470703,Algorithm1_iADMM_PDP0_to_PDP5,64,20,SGD,,0.01,64,1200.0,20.0,5000
2026,7,2.0,algorithm1_particular_adaptation,0.33289146423339844,Algorithm1_iADMM_PDP0_to_PDP5,64,20,SGD,,0.01,64,1200.0,20.0,5000
2026,7,4.0,algorithm1_particular_adaptation,0.2916135787963867,Algorithm1_iADMM_PDP0_to_PDP5,64,20,SGD,,0.01,64,1200.0,20.0,5000
2026,7,6.0,algorithm1_particular_adaptation,0.2540397644042969,Algorithm1_iADMM_PDP0_to_PDP5,64,20,SGD,,0.01,64,1200.0,20.0,5000
2026,7,8.0,algorithm1_particular_adaptation,0.21796035766601562,Algorithm1_iADMM_PDP0_to_PDP5,64,20,SGD,,0.01,64,1200.0,20.0,5000
2026,7,10.0,algorithm1_particular_adaptation,0.18934059143066406,Algorithm1_iADMM_PDP0_to_PDP5,64,20,SGD,,0.01,64,1200.0,20.0,5000
2026,7,12.0,algorithm1_particular_adaptation,0.16927337646484375,Algorithm1_iADMM_PDP0_to_PDP5,64,20,SGD,,0.01,64,1200.0,20.0,5000
2026,7,14.0,algorithm1_particular_adaptation,0.15365123748779297,Algorithm1_iADMM_PDP0_to_PDP5,64,20,SGD,,0.01,64,1200.0,20.0,5000
2026,7,16.0,algorithm1_particular_adaptation,0.14190387725830078,Algorithm1_iADMM_PDP0_to_PDP5,64,20,SGD,,0.01,64,1200.0,20.0,5000
2026,7,18.0,algorithm1_particular_adaptation,0.13374996185302734,Algorithm1_iADMM_PDP0_to_PDP5,64,20,SGD,,0.01,64,1200.0,20.0,5000
2026,7,20.0,algorithm1_particular_adaptation,0.13016414642333984,Algorithm1_iADMM_PDP0_to_PDP5,64,20,SGD,,0.01,64,1200.0,20.0,5000
2026,7,0.0,joint_particular_adaptation,0.39112281799316406,ordinary_joint_training_PDP0_to_PDP5,128,20,SGD,,0.01,128,,,
2026,7,2.0,joint_particular_adaptation,0.3579416275024414,ordinary_joint_training_PDP0_to_PDP5,128,20,SGD,,0.01,128,,,
2026,7,4.0,joint_particular_adaptation,0.31896114349365234,ordinary_joint_training_PDP0_to_PDP5,128,20,SGD,,0.01,128,,,
2026,7,6.0,joint_particular_adaptation,0.28491878509521484,ordinary_joint_training_PDP0_to_PDP5,128,20,SGD,,0.01,128,,,
2026,7,8.0,joint_particular_adaptation,0.24878406524658203,ordinary_joint_training_PDP0_to_PDP5,128,20,SGD,,0.01,128,,,
2026,7,10.0,joint_particular_adaptation,0.22068405151367188,ordinary_joint_training_PDP0_to_PDP5,128,20,SGD,,0.01,128,,,
2026,7,12.0,joint_particular_adaptation,0.20197010040283203,ordinary_joint_training_PDP0_to_PDP5,128,20,SGD,,0.01,128,,,
2026,7,14.0,joint_particular_adaptation,0.18741512298583984,ordinary_joint_training_PDP0_to_PDP5,128,20,SGD,,0.01,128,,,
2026,7,16.0,joint_particular_adaptation,0.17614459991455078,ordinary_joint_training_PDP0_to_PDP5,128,20,SGD,,0.01,128,,,
2026,7,18.0,joint_particular_adaptation,0.16939735412597656,ordinary_joint_training_PDP0_to_PDP5,128,20,SGD,,0.01,128,,,
2026,7,20.0,joint_particular_adaptation,0.16532421112060547,ordinary_joint_training_PDP0_to_PDP5,128,20,SGD,,0.01,128,,,
2026,7,0.0,algorithm1_particular_adaptation,0.36812591552734375,Algorithm1_iADMM_PDP0_to_PDP5,128,20,SGD,,0.01,128,1200.0,20.0,5000
2026,7,2.0,algorithm1_particular_adaptation,0.32725048065185547,Algorithm1_iADMM_PDP0_to_PDP5,128,20,SGD,,0.01,128,1200.0,20.0,5000
2026,7,4.0,algorithm1_particular_adaptation,0.28244495391845703,Algorithm1_iADMM_PDP0_to_PDP5,128,20,SGD,,0.01,128,1200.0,20.0,5000
2026,7,6.0,algorithm1_particular_adaptation,0.2395782470703125,Algorithm1_iADMM_PDP0_to_PDP5,128,20,SGD,,0.01,128,1200.0,20.0,5000
2026,7,8.0,algorithm1_particular_adaptation,0.19966888427734375,Algorithm1_iADMM_PDP0_to_PDP5,128,20,SGD,,0.01,128,1200.0,20.0,5000
2026,7,10.0,algorithm1_particular_adaptation,0.16647911071777344,Algorithm1_iADMM_PDP0_to_PDP5,128,20,SGD,,0.01,128,1200.0,20.0,5000
2026,7,12.0,algorithm1_particular_adaptation,0.1426219940185547,Algorithm1_iADMM_PDP0_to_PDP5,128,20,SGD,,0.01,128,1200.0,20.0,5000
2026,7,14.0,algorithm1_particular_adaptation,0.12320137023925781,Algorithm1_iADMM_PDP0_to_PDP5,128,20,SGD,,0.01,128,1200.0,20.0,5000
2026,7,16.0,algorithm1_particular_adaptation,0.10964488983154297,Algorithm1_iADMM_PDP0_to_PDP5,128,20,SGD,,0.01,128,1200.0,20.0,5000
2026,7,18.0,algorithm1_particular_adaptation,0.10024642944335938,Algorithm1_iADMM_PDP0_to_PDP5,128,20,SGD,,0.01,128,1200.0,20.0,5000
2026,7,20.0,algorithm1_particular_adaptation,0.09538936614990234,Algorithm1_iADMM_PDP0_to_PDP5,128,20,SGD,,0.01,128,1200.0,20.0,5000
2026,7,0.0,joint_particular_adaptation,0.3920860290527344,ordinary_joint_training_PDP0_to_PDP5,256,20,SGD,,0.01,256,,,
2026,7,2.0,joint_particular_adaptation,0.3589448928833008,ordinary_joint_training_PDP0_to_PDP5,256,20,SGD,,0.01,256,,,
2026,7,4.0,joint_particular_adaptation,0.3199329376220703,ordinary_joint_training_PDP0_to_PDP5,256,20,SGD,,0.01,256,,,
2026,7,6.0,joint_particular_adaptation,0.2851142883300781,ordinary_joint_training_PDP0_to_PDP5,256,20,SGD,,0.01,256,,,
2026,7,8.0,joint_particular_adaptation,0.2485523223876953,ordinary_joint_training_PDP0_to_PDP5,256,20,SGD,,0.01,256,,,
2026,7,10.0,joint_particular_adaptation,0.2192058563232422,ordinary_joint_training_PDP0_to_PDP5,256,20,SGD,,0.01,256,,,
2026,7,12.0,joint_particular_adaptation,0.1993093490600586,ordinary_joint_training_PDP0_to_PDP5,256,20,SGD,,0.01,256,,,
2026,7,14.0,joint_particular_adaptation,0.18330097198486328,ordinary_joint_training_PDP0_to_PDP5,256,20,SGD,,0.01,256,,,
2026,7,16.0,joint_particular_adaptation,0.1707611083984375,ordinary_joint_training_PDP0_to_PDP5,256,20,SGD,,0.01,256,,,
2026,7,18.0,joint_particular_adaptation,0.16360759735107422,ordinary_joint_training_PDP0_to_PDP5,256,20,SGD,,0.01,256,,,
2026,7,20.0,joint_particular_adaptation,0.15906620025634766,ordinary_joint_training_PDP0_to_PDP5,256,20,SGD,,0.01,256,,,
2026,7,0.0,algorithm1_particular_adaptation,0.3644828796386719,Algorithm1_iADMM_PDP0_to_PDP5,256,20,SGD,,0.01,256,1200.0,20.0,5000
2026,7,2.0,algorithm1_particular_adaptation,0.32143497467041016,Algorithm1_iADMM_PDP0_to_PDP5,256,20,SGD,,0.01,256,1200.0,20.0,5000
2026,7,4.0,algorithm1_particular_adaptation,0.27401065826416016,Algorithm1_iADMM_PDP0_to_PDP5,256,20,SGD,,0.01,256,1200.0,20.0,5000
2026,7,6.0,algorithm1_particular_adaptation,0.2279205322265625,Algorithm1_iADMM_PDP0_to_PDP5,256,20,SGD,,0.01,256,1200.0,20.0,5000
2026,7,8.0,algorithm1_particular_adaptation,0.18512344360351562,Algorithm1_iADMM_PDP0_to_PDP5,256,20,SGD,,0.01,256,1200.0,20.0,5000
2026,7,10.0,algorithm1_particular_adaptation,0.1493368148803711,Algorithm1_iADMM_PDP0_to_PDP5,256,20,SGD,,0.01,256,1200.0,20.0,5000
2026,7,12.0,algorithm1_particular_adaptation,0.12371253967285156,Algorithm1_iADMM_PDP0_to_PDP5,256,20,SGD,,0.01,256,1200.0,20.0,5000
2026,7,14.0,algorithm1_particular_adaptation,0.1026468276977539,Algorithm1_iADMM_PDP0_to_PDP5,256,20,SGD,,0.01,256,1200.0,20.0,5000
2026,7,16.0,algorithm1_particular_adaptation,0.08915901184082031,Algorithm1_iADMM_PDP0_to_PDP5,256,20,SGD,,0.01,256,1200.0,20.0,5000
2026,7,18.0,algorithm1_particular_adaptation,0.0803375244140625,Algorithm1_iADMM_PDP0_to_PDP5,256,20,SGD,,0.01,256,1200.0,20.0,5000
2026,7,20.0,algorithm1_particular_adaptation,0.07539749145507812,Algorithm1_iADMM_PDP0_to_PDP5,256,20,SGD,,0.01,256,1200.0,20.0,5000
2027,6,0.0,joint_particular_adaptation,0.3891754150390625,ordinary_joint_training_PDP0_to_PDP5,64,20,SGD,,0.01,64,,,
2027,6,2.0,joint_particular_adaptation,0.3538236618041992,ordinary_joint_training_PDP0_to_PDP5,64,20,SGD,,0.01,64,,,
2027,6,4.0,joint_particular_adaptation,0.3170814514160156,ordinary_joint_training_PDP0_to_PDP5,64,20,SGD,,0.01,64,,,
2027,6,6.0,joint_particular_adaptation,0.28182315826416016,ordinary_joint_training_PDP0_to_PDP5,64,20,SGD,,0.01,64,,,
2027,6,8.0,joint_particular_adaptation,0.2472381591796875,ordinary_joint_training_PDP0_to_PDP5,64,20,SGD,,0.01,64,,,
2027,6,10.0,joint_particular_adaptation,0.22130393981933594,ordinary_joint_training_PDP0_to_PDP5,64,20,SGD,,0.01,64,,,
2027,6,12.0,joint_particular_adaptation,0.20283031463623047,ordinary_joint_training_PDP0_to_PDP5,64,20,SGD,,0.01,64,,,
2027,6,14.0,joint_particular_adaptation,0.1874713897705078,ordinary_joint_training_PDP0_to_PDP5,64,20,SGD,,0.01,64,,,
2027,6,16.0,joint_particular_adaptation,0.17807579040527344,ordinary_joint_training_PDP0_to_PDP5,64,20,SGD,,0.01,64,,,
2027,6,18.0,joint_particular_adaptation,0.1719808578491211,ordinary_joint_training_PDP0_to_PDP5,64,20,SGD,,0.01,64,,,
2027,6,20.0,joint_particular_adaptation,0.17192649841308594,ordinary_joint_training_PDP0_to_PDP5,64,20,SGD,,0.01,64,,,
2027,6,0.0,algorithm1_particular_adaptation,0.3789100646972656,Algorithm1_iADMM_PDP0_to_PDP5,64,20,SGD,,0.01,64,1200.0,20.0,5000
2027,6,2.0,algorithm1_particular_adaptation,0.3429756164550781,Algorithm1_iADMM_PDP0_to_PDP5,64,20,SGD,,0.01,64,1200.0,20.0,5000
2027,6,4.0,algorithm1_particular_adaptation,0.30425453186035156,Algorithm1_iADMM_PDP0_to_PDP5,64,20,SGD,,0.01,64,1200.0,20.0,5000
2027,6,6.0,algorithm1_particular_adaptation,0.2680797576904297,Algorithm1_iADMM_PDP0_to_PDP5,64,20,SGD,,0.01,64,1200.0,20.0,5000
2027,6,8.0,algorithm1_particular_adaptation,0.2347879409790039,Algorithm1_iADMM_PDP0_to_PDP5,64,20,SGD,,0.01,64,1200.0,20.0,5000
2027,6,10.0,algorithm1_particular_adaptation,0.2088794708251953,Algorithm1_iADMM_PDP0_to_PDP5,64,20,SGD,,0.01,64,1200.0,20.0,5000
2027,6,12.0,algorithm1_particular_adaptation,0.1892528533935547,Algorithm1_iADMM_PDP0_to_PDP5,64,20,SGD,,0.01,64,1200.0,20.0,5000
2027,6,14.0,algorithm1_particular_adaptation,0.17411041259765625,Algorithm1_iADMM_PDP0_to_PDP5,64,20,SGD,,0.01,64,1200.0,20.0,5000
2027,6,16.0,algorithm1_particular_adaptation,0.16342449188232422,Algorithm1_iADMM_PDP0_to_PDP5,64,20,SGD,,0.01,64,1200.0,20.0,5000
2027,6,18.0,algorithm1_particular_adaptation,0.15546131134033203,Algorithm1_iADMM_PDP0_to_PDP5,64,20,SGD,,0.01,64,1200.0,20.0,5000
2027,6,20.0,algorithm1_particular_adaptation,0.15352439880371094,Algorithm1_iADMM_PDP0_to_PDP5,64,20,SGD,,0.01,64,1200.0,20.0,5000
2027,6,0.0,joint_particular_adaptation,0.3896017074584961,ordinary_joint_training_PDP0_to_PDP5,128,20,SGD,,0.01,128,,,
2027,6,2.0,joint_particular_adaptation,0.35428810119628906,ordinary_joint_training_PDP0_to_PDP5,128,20,SGD,,0.01,128,,,
2027,6,4.0,joint_particular_adaptation,0.3165864944458008,ordinary_joint_training_PDP0_to_PDP5,128,20,SGD,,0.01,128,,,
2027,6,6.0,joint_particular_adaptation,0.27976417541503906,ordinary_joint_training_PDP0_to_PDP5,128,20,SGD,,0.01,128,,,
2027,6,8.0,joint_particular_adaptation,0.24378108978271484,ordinary_joint_training_PDP0_to_PDP5,128,20,SGD,,0.01,128,,,
2027,6,10.0,joint_particular_adaptation,0.21454334259033203,ordinary_joint_training_PDP0_to_PDP5,128,20,SGD,,0.01,128,,,
2027,6,12.0,joint_particular_adaptation,0.19390583038330078,ordinary_joint_training_PDP0_to_PDP5,128,20,SGD,,0.01,128,,,
2027,6,14.0,joint_particular_adaptation,0.176727294921875,ordinary_joint_training_PDP0_to_PDP5,128,20,SGD,,0.01,128,,,
2027,6,16.0,joint_particular_adaptation,0.16527366638183594,ordinary_joint_training_PDP0_to_PDP5,128,20,SGD,,0.01,128,,,
2027,6,18.0,joint_particular_adaptation,0.15831661224365234,ordinary_joint_training_PDP0_to_PDP5,128,20,SGD,,0.01,128,,,
2027,6,20.0,joint_particular_adaptation,0.15769004821777344,ordinary_joint_training_PDP0_to_PDP5,128,20,SGD,,0.01,128,,,
2027,6,0.0,algorithm1_particular_adaptation,0.36893653869628906,Algorithm1_iADMM_PDP0_to_PDP5,128,20,SGD,,0.01,128,1200.0,20.0,5000
2027,6,2.0,algorithm1_particular_adaptation,0.32871150970458984,Algorithm1_iADMM_PDP0_to_PDP5,128,20,SGD,,0.01,128,1200.0,20.0,5000
2027,6,4.0,algorithm1_particular_adaptation,0.2837409973144531,Algorithm1_iADMM_PDP0_to_PDP5,128,20,SGD,,0.01,128,1200.0,20.0,5000
2027,6,6.0,algorithm1_particular_adaptation,0.23992252349853516,Algorithm1_iADMM_PDP0_to_PDP5,128,20,SGD,,0.01,128,1200.0,20.0,5000
2027,6,8.0,algorithm1_particular_adaptation,0.19981765747070312,Algorithm1_iADMM_PDP0_to_PDP5,128,20,SGD,,0.01,128,1200.0,20.0,5000
2027,6,10.0,algorithm1_particular_adaptation,0.1671924591064453,Algorithm1_iADMM_PDP0_to_PDP5,128,20,SGD,,0.01,128,1200.0,20.0,5000
2027,6,12.0,algorithm1_particular_adaptation,0.1421337127685547,Algorithm1_iADMM_PDP0_to_PDP5,128,20,SGD,,0.01,128,1200.0,20.0,5000
2027,6,14.0,algorithm1_particular_adaptation,0.12223339080810547,Algorithm1_iADMM_PDP0_to_PDP5,128,20,SGD,,0.01,128,1200.0,20.0,5000
2027,6,16.0,algorithm1_particular_adaptation,0.10945796966552734,Algorithm1_iADMM_PDP0_to_PDP5,128,20,SGD,,0.01,128,1200.0,20.0,5000
2027,6,18.0,algorithm1_particular_adaptation,0.10041618347167969,Algorithm1_iADMM_PDP0_to_PDP5,128,20,SGD,,0.01,128,1200.0,20.0,5000
2027,6,20.0,algorithm1_particular_adaptation,0.0964202880859375,Algorithm1_iADMM_PDP0_to_PDP5,128,20,SGD,,0.01,128,1200.0,20.0,5000
2027,6,0.0,joint_particular_adaptation,0.390411376953125,ordinary_joint_training_PDP0_to_PDP5,256,20,SGD,,0.01,256,,,
2027,6,2.0,joint_particular_adaptation,0.35529136657714844,ordinary_joint_training_PDP0_to_PDP5,256,20,SGD,,0.01,256,,,
2027,6,4.0,joint_particular_adaptation,0.3177814483642578,ordinary_joint_training_PDP0_to_PDP5,256,20,SGD,,0.01,256,,,
2027,6,6.0,joint_particular_adaptation,0.280609130859375,ordinary_joint_training_PDP0_to_PDP5,256,20,SGD,,0.01,256,,,
2027,6,8.0,joint_particular_adaptation,0.24393081665039062,ordinary_joint_training_PDP0_to_PDP5,256,20,SGD,,0.01,256,,,
2027,6,10.0,joint_particular_adaptation,0.21332836151123047,ordinary_joint_training_PDP0_to_PDP5,256,20,SGD,,0.01,256,,,
2027,6,12.0,joint_particular_adaptation,0.19173240661621094,ordinary_joint_training_PDP0_to_PDP5,256,20,SGD,,0.01,256,,,
2027,6,14.0,joint_particular_adaptation,0.17300891876220703,ordinary_joint_training_PDP0_to_PDP5,256,20,SGD,,0.01,256,,,
2027,6,16.0,joint_particular_adaptation,0.1609477996826172,ordinary_joint_training_PDP0_to_PDP5,256,20,SGD,,0.01,256,,,
2027,6,18.0,joint_particular_adaptation,0.1536407470703125,ordinary_joint_training_PDP0_to_PDP5,256,20,SGD,,0.01,256,,,
2027,6,20.0,joint_particular_adaptation,0.15180015563964844,ordinary_joint_training_PDP0_to_PDP5,256,20,SGD,,0.01,256,,,
2027,6,0.0,algorithm1_particular_adaptation,0.3653392791748047,Algorithm1_iADMM_PDP0_to_PDP5,256,20,SGD,,0.01,256,1200.0,20.0,5000
2027,6,2.0,algorithm1_particular_adaptation,0.32297611236572266,Algorithm1_iADMM_PDP0_to_PDP5,256,20,SGD,,0.01,256,1200.0,20.0,5000
2027,6,4.0,algorithm1_particular_adaptation,0.2747459411621094,Algorithm1_iADMM_PDP0_to_PDP5,256,20,SGD,,0.01,256,1200.0,20.0,5000
2027,6,6.0,algorithm1_particular_adaptation,0.22748565673828125,Algorithm1_iADMM_PDP0_to_PDP5,256,20,SGD,,0.01,256,1200.0,20.0,5000
2027,6,8.0,algorithm1_particular_adaptation,0.18437767028808594,Algorithm1_iADMM_PDP0_to_PDP5,256,20,SGD,,0.01,256,1200.0,20.0,5000
2027,6,10.0,algorithm1_particular_adaptation,0.1486654281616211,Algorithm1_iADMM_PDP0_to_PDP5,256,20,SGD,,0.01,256,1200.0,20.0,5000
2027,6,12.0,algorithm1_particular_adaptation,0.1215524673461914,Algorithm1_iADMM_PDP0_to_PDP5,256,20,SGD,,0.01,256,1200.0,20.0,5000
2027,6,14.0,algorithm1_particular_adaptation,0.0998544692993164,Algorithm1_iADMM_PDP0_to_PDP5,256,20,SGD,,0.01,256,1200.0,20.0,5000
2027,6,16.0,algorithm1_particular_adaptation,0.0868368148803711,Algorithm1_iADMM_PDP0_to_PDP5,256,20,SGD,,0.01,256,1200.0,20.0,5000
2027,6,18.0,algorithm1_particular_adaptation,0.07721996307373047,Algorithm1_iADMM_PDP0_to_PDP5,256,20,SGD,,0.01,256,1200.0,20.0,5000
2027,6,20.0,algorithm1_particular_adaptation,0.07367229461669922,Algorithm1_iADMM_PDP0_to_PDP5,256,20,SGD,,0.01,256,1200.0,20.0,5000
2027,7,0.0,joint_particular_adaptation,0.3907642364501953,ordinary_joint_training_PDP0_to_PDP5,64,20,SGD,,0.01,64,,,
2027,7,2.0,joint_particular_adaptation,0.35750484466552734,ordinary_joint_training_PDP0_to_PDP5,64,20,SGD,,0.01,64,,,
2027,7,4.0,joint_particular_adaptation,0.3217439651489258,ordinary_joint_training_PDP0_to_PDP5,64,20,SGD,,0.01,64,,,
2027,7,6.0,joint_particular_adaptation,0.28685474395751953,ordinary_joint_training_PDP0_to_PDP5,64,20,SGD,,0.01,64,,,
2027,7,8.0,joint_particular_adaptation,0.25214385986328125,ordinary_joint_training_PDP0_to_PDP5,64,20,SGD,,0.01,64,,,
2027,7,10.0,joint_particular_adaptation,0.2282562255859375,ordinary_joint_training_PDP0_to_PDP5,64,20,SGD,,0.01,64,,,
2027,7,12.0,joint_particular_adaptation,0.20697498321533203,ordinary_joint_training_PDP0_to_PDP5,64,20,SGD,,0.01,64,,,
2027,7,14.0,joint_particular_adaptation,0.19472980499267578,ordinary_joint_training_PDP0_to_PDP5,64,20,SGD,,0.01,64,,,
2027,7,16.0,joint_particular_adaptation,0.18642807006835938,ordinary_joint_training_PDP0_to_PDP5,64,20,SGD,,0.01,64,,,
2027,7,18.0,joint_particular_adaptation,0.17903900146484375,ordinary_joint_training_PDP0_to_PDP5,64,20,SGD,,0.01,64,,,
2027,7,20.0,joint_particular_adaptation,0.17565536499023438,ordinary_joint_training_PDP0_to_PDP5,64,20,SGD,,0.01,64,,,
2027,7,0.0,algorithm1_particular_adaptation,0.3701286315917969,Algorithm1_iADMM_PDP0_to_PDP5,64,20,SGD,,0.01,64,1200.0,20.0,5000
2027,7,2.0,algorithm1_particular_adaptation,0.3315105438232422,Algorithm1_iADMM_PDP0_to_PDP5,64,20,SGD,,0.01,64,1200.0,20.0,5000
2027,7,4.0,algorithm1_particular_adaptation,0.2904796600341797,Algorithm1_iADMM_PDP0_to_PDP5,64,20,SGD,,0.01,64,1200.0,20.0,5000
2027,7,6.0,algorithm1_particular_adaptation,0.2522916793823242,Algorithm1_iADMM_PDP0_to_PDP5,64,20,SGD,,0.01,64,1200.0,20.0,5000
2027,7,8.0,algorithm1_particular_adaptation,0.2178668975830078,Algorithm1_iADMM_PDP0_to_PDP5,64,20,SGD,,0.01,64,1200.0,20.0,5000
2027,7,10.0,algorithm1_particular_adaptation,0.1905193328857422,Algorithm1_iADMM_PDP0_to_PDP5,64,20,SGD,,0.01,64,1200.0,20.0,5000
2027,7,12.0,algorithm1_particular_adaptation,0.168121337890625,Algorithm1_iADMM_PDP0_to_PDP5,64,20,SGD,,0.01,64,1200.0,20.0,5000
2027,7,14.0,algorithm1_particular_adaptation,0.15308570861816406,Algorithm1_iADMM_PDP0_to_PDP5,64,20,SGD,,0.01,64,1200.0,20.0,5000
2027,7,16.0,algorithm1_particular_adaptation,0.14286041259765625,Algorithm1_iADMM_PDP0_to_PDP5,64,20,SGD,,0.01,64,1200.0,20.0,5000
2027,7,18.0,algorithm1_particular_adaptation,0.13507938385009766,Algorithm1_iADMM_PDP0_to_PDP5,64,20,SGD,,0.01,64,1200.0,20.0,5000
2027,7,20.0,algorithm1_particular_adaptation,0.1287822723388672,Algorithm1_iADMM_PDP0_to_PDP5,64,20,SGD,,0.01,64,1200.0,20.0,5000
2027,7,0.0,joint_particular_adaptation,0.3915271759033203,ordinary_joint_training_PDP0_to_PDP5,128,20,SGD,,0.01,128,,,
2027,7,2.0,joint_particular_adaptation,0.35776519775390625,ordinary_joint_training_PDP0_to_PDP5,128,20,SGD,,0.01,128,,,
2027,7,4.0,joint_particular_adaptation,0.32143402099609375,ordinary_joint_training_PDP0_to_PDP5,128,20,SGD,,0.01,128,,,
2027,7,6.0,joint_particular_adaptation,0.28549766540527344,ordinary_joint_training_PDP0_to_PDP5,128,20,SGD,,0.01,128,,,
2027,7,8.0,joint_particular_adaptation,0.249481201171875,ordinary_joint_training_PDP0_to_PDP5,128,20,SGD,,0.01,128,,,
2027,7,10.0,joint_particular_adaptation,0.22336769104003906,ordinary_joint_training_PDP0_to_PDP5,128,20,SGD,,0.01,128,,,
2027,7,12.0,joint_particular_adaptation,0.20049285888671875,ordinary_joint_training_PDP0_to_PDP5,128,20,SGD,,0.01,128,,,
2027,7,14.0,joint_particular_adaptation,0.18679237365722656,ordinary_joint_training_PDP0_to_PDP5,128,20,SGD,,0.01,128,,,
2027,7,16.0,joint_particular_adaptation,0.17708301544189453,ordinary_joint_training_PDP0_to_PDP5,128,20,SGD,,0.01,128,,,
2027,7,18.0,joint_particular_adaptation,0.1692800521850586,ordinary_joint_training_PDP0_to_PDP5,128,20,SGD,,0.01,128,,,
2027,7,20.0,joint_particular_adaptation,0.1649332046508789,ordinary_joint_training_PDP0_to_PDP5,128,20,SGD,,0.01,128,,,
2027,7,0.0,algorithm1_particular_adaptation,0.36669063568115234,Algorithm1_iADMM_PDP0_to_PDP5,128,20,SGD,,0.01,128,1200.0,20.0,5000
2027,7,2.0,algorithm1_particular_adaptation,0.3242454528808594,Algorithm1_iADMM_PDP0_to_PDP5,128,20,SGD,,0.01,128,1200.0,20.0,5000
2027,7,4.0,algorithm1_particular_adaptation,0.28012847900390625,Algorithm1_iADMM_PDP0_to_PDP5,128,20,SGD,,0.01,128,1200.0,20.0,5000
2027,7,6.0,algorithm1_particular_adaptation,0.23733806610107422,Algorithm1_iADMM_PDP0_to_PDP5,128,20,SGD,,0.01,128,1200.0,20.0,5000
2027,7,8.0,algorithm1_particular_adaptation,0.19833755493164062,Algorithm1_iADMM_PDP0_to_PDP5,128,20,SGD,,0.01,128,1200.0,20.0,5000
2027,7,10.0,algorithm1_particular_adaptation,0.165435791015625,Algorithm1_iADMM_PDP0_to_PDP5,128,20,SGD,,0.01,128,1200.0,20.0,5000
2027,7,12.0,algorithm1_particular_adaptation,0.14007091522216797,Algorithm1_iADMM_PDP0_to_PDP5,128,20,SGD,,0.01,128,1200.0,20.0,5000
2027,7,14.0,algorithm1_particular_adaptation,0.12156867980957031,Algorithm1_iADMM_PDP0_to_PDP5,128,20,SGD,,0.01,128,1200.0,20.0,5000
2027,7,16.0,algorithm1_particular_adaptation,0.10936737060546875,Algorithm1_iADMM_PDP0_to_PDP5,128,20,SGD,,0.01,128,1200.0,20.0,5000
2027,7,18.0,algorithm1_particular_adaptation,0.10091686248779297,Algorithm1_iADMM_PDP0_to_PDP5,128,20,SGD,,0.01,128,1200.0,20.0,5000
2027,7,20.0,algorithm1_particular_adaptation,0.09388923645019531,Algorithm1_iADMM_PDP0_to_PDP5,128,20,SGD,,0.01,128,1200.0,20.0,5000
2027,7,0.0,joint_particular_adaptation,0.3923912048339844,ordinary_joint_training_PDP0_to_PDP5,256,20,SGD,,0.01,256,,,
2027,7,2.0,joint_particular_adaptation,0.3585090637207031,ordinary_joint_training_PDP0_to_PDP5,256,20,SGD,,0.01,256,,,
2027,7,4.0,joint_particular_adaptation,0.32235050201416016,ordinary_joint_training_PDP0_to_PDP5,256,20,SGD,,0.01,256,,,
2027,7,6.0,joint_particular_adaptation,0.2859506607055664,ordinary_joint_training_PDP0_to_PDP5,256,20,SGD,,0.01,256,,,
2027,7,8.0,joint_particular_adaptation,0.24952411651611328,ordinary_joint_training_PDP0_to_PDP5,256,20,SGD,,0.01,256,,,
2027,7,10.0,joint_particular_adaptation,0.22205829620361328,ordinary_joint_training_PDP0_to_PDP5,256,20,SGD,,0.01,256,,,
2027,7,12.0,joint_particular_adaptation,0.1982574462890625,ordinary_joint_training_PDP0_to_PDP5,256,20,SGD,,0.01,256,,,
2027,7,14.0,joint_particular_adaptation,0.18318748474121094,ordinary_joint_training_PDP0_to_PDP5,256,20,SGD,,0.01,256,,,
2027,7,16.0,joint_particular_adaptation,0.1726541519165039,ordinary_joint_training_PDP0_to_PDP5,256,20,SGD,,0.01,256,,,
2027,7,18.0,joint_particular_adaptation,0.16439056396484375,ordinary_joint_training_PDP0_to_PDP5,256,20,SGD,,0.01,256,,,
2027,7,20.0,joint_particular_adaptation,0.1590747833251953,ordinary_joint_training_PDP0_to_PDP5,256,20,SGD,,0.01,256,,,
2027,7,0.0,algorithm1_particular_adaptation,0.3620281219482422,Algorithm1_iADMM_PDP0_to_PDP5,256,20,SGD,,0.01,256,1200.0,20.0,5000
2027,7,2.0,algorithm1_particular_adaptation,0.3171663284301758,Algorithm1_iADMM_PDP0_to_PDP5,256,20,SGD,,0.01,256,1200.0,20.0,5000
2027,7,4.0,algorithm1_particular_adaptation,0.2697563171386719,Algorithm1_iADMM_PDP0_to_PDP5,256,20,SGD,,0.01,256,1200.0,20.0,5000
2027,7,6.0,algorithm1_particular_adaptation,0.2243499755859375,Algorithm1_iADMM_PDP0_to_PDP5,256,20,SGD,,0.01,256,1200.0,20.0,5000
2027,7,8.0,algorithm1_particular_adaptation,0.18064117431640625,Algorithm1_iADMM_PDP0_to_PDP5,256,20,SGD,,0.01,256,1200.0,20.0,5000
2027,7,10.0,algorithm1_particular_adaptation,0.14534282684326172,Algorithm1_iADMM_PDP0_to_PDP5,256,20,SGD,,0.01,256,1200.0,20.0,5000
2027,7,12.0,algorithm1_particular_adaptation,0.11764049530029297,Algorithm1_iADMM_PDP0_to_PDP5,256,20,SGD,,0.01,256,1200.0,20.0,5000
2027,7,14.0,algorithm1_particular_adaptation,0.09844112396240234,Algorithm1_iADMM_PDP0_to_PDP5,256,20,SGD,,0.01,256,1200.0,20.0,5000
2027,7,16.0,algorithm1_particular_adaptation,0.0858926773071289,Algorithm1_iADMM_PDP0_to_PDP5,256,20,SGD,,0.01,256,1200.0,20.0,5000
2027,7,18.0,algorithm1_particular_adaptation,0.07727909088134766,Algorithm1_iADMM_PDP0_to_PDP5,256,20,SGD,,0.01,256,1200.0,20.0,5000
2027,7,20.0,algorithm1_particular_adaptation,0.07124900817871094,Algorithm1_iADMM_PDP0_to_PDP5,256,20,SGD,,0.01,256,1200.0,20.0,5000
2028,6,0.0,joint_particular_adaptation,0.3888893127441406,ordinary_joint_training_PDP0_to_PDP5,64,20,SGD,,0.01,64,,,
2028,6,2.0,joint_particular_adaptation,0.3557291030883789,ordinary_joint_training_PDP0_to_PDP5,64,20,SGD,,0.01,64,,,
2028,6,4.0,joint_particular_adaptation,0.3196563720703125,ordinary_joint_training_PDP0_to_PDP5,64,20,SGD,,0.01,64,,,
2028,6,6.0,joint_particular_adaptation,0.2817564010620117,ordinary_joint_training_PDP0_to_PDP5,64,20,SGD,,0.01,64,,,
2028,6,8.0,joint_particular_adaptation,0.24881744384765625,ordinary_joint_training_PDP0_to_PDP5,64,20,SGD,,0.01,64,,,
2028,6,10.0,joint_particular_adaptation,0.21959209442138672,ordinary_joint_training_PDP0_to_PDP5,64,20,SGD,,0.01,64,,,
2028,6,12.0,joint_particular_adaptation,0.19966983795166016,ordinary_joint_training_PDP0_to_PDP5,64,20,SGD,,0.01,64,,,
2028,6,14.0,joint_particular_adaptation,0.1835622787475586,ordinary_joint_training_PDP0_to_PDP5,64,20,SGD,,0.01,64,,,
2028,6,16.0,joint_particular_adaptation,0.1739044189453125,ordinary_joint_training_PDP0_to_PDP5,64,20,SGD,,0.01,64,,,
2028,6,18.0,joint_particular_adaptation,0.1681842803955078,ordinary_joint_training_PDP0_to_PDP5,64,20,SGD,,0.01,64,,,
2028,6,20.0,joint_particular_adaptation,0.16756916046142578,ordinary_joint_training_PDP0_to_PDP5,64,20,SGD,,0.01,64,,,
2028,6,0.0,algorithm1_particular_adaptation,0.3736410140991211,Algorithm1_iADMM_PDP0_to_PDP5,64,20,SGD,,0.01,64,1200.0,20.0,5000
2028,6,2.0,algorithm1_particular_adaptation,0.33597278594970703,Algorithm1_iADMM_PDP0_to_PDP5,64,20,SGD,,0.01,64,1200.0,20.0,5000
2028,6,4.0,algorithm1_particular_adaptation,0.29614830017089844,Algorithm1_iADMM_PDP0_to_PDP5,64,20,SGD,,0.01,64,1200.0,20.0,5000
2028,6,6.0,algorithm1_particular_adaptation,0.25650501251220703,Algorithm1_iADMM_PDP0_to_PDP5,64,20,SGD,,0.01,64,1200.0,20.0,5000
2028,6,8.0,algorithm1_particular_adaptation,0.2228546142578125,Algorithm1_iADMM_PDP0_to_PDP5,64,20,SGD,,0.01,64,1200.0,20.0,5000
2028,6,10.0,algorithm1_particular_adaptation,0.1932382583618164,Algorithm1_iADMM_PDP0_to_PDP5,64,20,SGD,,0.01,64,1200.0,20.0,5000
2028,6,12.0,algorithm1_particular_adaptation,0.1727886199951172,Algorithm1_iADMM_PDP0_to_PDP5,64,20,SGD,,0.01,64,1200.0,20.0,5000
2028,6,14.0,algorithm1_particular_adaptation,0.15564632415771484,Algorithm1_iADMM_PDP0_to_PDP5,64,20,SGD,,0.01,64,1200.0,20.0,5000
2028,6,16.0,algorithm1_particular_adaptation,0.14525318145751953,Algorithm1_iADMM_PDP0_to_PDP5,64,20,SGD,,0.01,64,1200.0,20.0,5000
2028,6,18.0,algorithm1_particular_adaptation,0.13857460021972656,Algorithm1_iADMM_PDP0_to_PDP5,64,20,SGD,,0.01,64,1200.0,20.0,5000
2028,6,20.0,algorithm1_particular_adaptation,0.13478374481201172,Algorithm1_iADMM_PDP0_to_PDP5,64,20,SGD,,0.01,64,1200.0,20.0,5000
2028,6,0.0,joint_particular_adaptation,0.38950634002685547,ordinary_joint_training_PDP0_to_PDP5,128,20,SGD,,0.01,128,,,
2028,6,2.0,joint_particular_adaptation,0.35564613342285156,ordinary_joint_training_PDP0_to_PDP5,128,20,SGD,,0.01,128,,,
2028,6,4.0,joint_particular_adaptation,0.31891727447509766,ordinary_joint_training_PDP0_to_PDP5,128,20,SGD,,0.01,128,,,
2028,6,6.0,joint_particular_adaptation,0.2801504135131836,ordinary_joint_training_PDP0_to_PDP5,128,20,SGD,,0.01,128,,,
2028,6,8.0,joint_particular_adaptation,0.2459583282470703,ordinary_joint_training_PDP0_to_PDP5,128,20,SGD,,0.01,128,,,
2028,6,10.0,joint_particular_adaptation,0.21542644500732422,ordinary_joint_training_PDP0_to_PDP5,128,20,SGD,,0.01,128,,,
2028,6,12.0,joint_particular_adaptation,0.19422435760498047,ordinary_joint_training_PDP0_to_PDP5,128,20,SGD,,0.01,128,,,
2028,6,14.0,joint_particular_adaptation,0.17693233489990234,ordinary_joint_training_PDP0_to_PDP5,128,20,SGD,,0.01,128,,,
2028,6,16.0,joint_particular_adaptation,0.1660146713256836,ordinary_joint_training_PDP0_to_PDP5,128,20,SGD,,0.01,128,,,
2028,6,18.0,joint_particular_adaptation,0.1597309112548828,ordinary_joint_training_PDP0_to_PDP5,128,20,SGD,,0.01,128,,,
2028,6,20.0,joint_particular_adaptation,0.1576824188232422,ordinary_joint_training_PDP0_to_PDP5,128,20,SGD,,0.01,128,,,
2028,6,0.0,algorithm1_particular_adaptation,0.36899566650390625,Algorithm1_iADMM_PDP0_to_PDP5,128,20,SGD,,0.01,128,1200.0,20.0,5000
2028,6,2.0,algorithm1_particular_adaptation,0.32801246643066406,Algorithm1_iADMM_PDP0_to_PDP5,128,20,SGD,,0.01,128,1200.0,20.0,5000
2028,6,4.0,algorithm1_particular_adaptation,0.2839231491088867,Algorithm1_iADMM_PDP0_to_PDP5,128,20,SGD,,0.01,128,1200.0,20.0,5000
2028,6,6.0,algorithm1_particular_adaptation,0.23969078063964844,Algorithm1_iADMM_PDP0_to_PDP5,128,20,SGD,,0.01,128,1200.0,20.0,5000
2028,6,8.0,algorithm1_particular_adaptation,0.20055675506591797,Algorithm1_iADMM_PDP0_to_PDP5,128,20,SGD,,0.01,128,1200.0,20.0,5000
2028,6,10.0,algorithm1_particular_adaptation,0.1662149429321289,Algorithm1_iADMM_PDP0_to_PDP5,128,20,SGD,,0.01,128,1200.0,20.0,5000
2028,6,12.0,algorithm1_particular_adaptation,0.1413440704345703,Algorithm1_iADMM_PDP0_to_PDP5,128,20,SGD,,0.01,128,1200.0,20.0,5000
2028,6,14.0,algorithm1_particular_adaptation,0.12059402465820312,Algorithm1_iADMM_PDP0_to_PDP5,128,20,SGD,,0.01,128,1200.0,20.0,5000
2028,6,16.0,algorithm1_particular_adaptation,0.10778617858886719,Algorithm1_iADMM_PDP0_to_PDP5,128,20,SGD,,0.01,128,1200.0,20.0,5000
2028,6,18.0,algorithm1_particular_adaptation,0.09926223754882812,Algorithm1_iADMM_PDP0_to_PDP5,128,20,SGD,,0.01,128,1200.0,20.0,5000
2028,6,20.0,algorithm1_particular_adaptation,0.09453010559082031,Algorithm1_iADMM_PDP0_to_PDP5,128,20,SGD,,0.01,128,1200.0,20.0,5000
2028,6,0.0,joint_particular_adaptation,0.3901214599609375,ordinary_joint_training_PDP0_to_PDP5,256,20,SGD,,0.01,256,,,
2028,6,2.0,joint_particular_adaptation,0.35638904571533203,ordinary_joint_training_PDP0_to_PDP5,256,20,SGD,,0.01,256,,,
2028,6,4.0,joint_particular_adaptation,0.31952667236328125,ordinary_joint_training_PDP0_to_PDP5,256,20,SGD,,0.01,256,,,
2028,6,6.0,joint_particular_adaptation,0.28017425537109375,ordinary_joint_training_PDP0_to_PDP5,256,20,SGD,,0.01,256,,,
2028,6,8.0,joint_particular_adaptation,0.24547195434570312,ordinary_joint_training_PDP0_to_PDP5,256,20,SGD,,0.01,256,,,
2028,6,10.0,joint_particular_adaptation,0.21415138244628906,ordinary_joint_training_PDP0_to_PDP5,256,20,SGD,,0.01,256,,,
2028,6,12.0,joint_particular_adaptation,0.19131183624267578,ordinary_joint_training_PDP0_to_PDP5,256,20,SGD,,0.01,256,,,
2028,6,14.0,joint_particular_adaptation,0.17302799224853516,ordinary_joint_training_PDP0_to_PDP5,256,20,SGD,,0.01,256,,,
2028,6,16.0,joint_particular_adaptation,0.16129112243652344,ordinary_joint_training_PDP0_to_PDP5,256,20,SGD,,0.01,256,,,
2028,6,18.0,joint_particular_adaptation,0.1541271209716797,ordinary_joint_training_PDP0_to_PDP5,256,20,SGD,,0.01,256,,,
2028,6,20.0,joint_particular_adaptation,0.15152359008789062,ordinary_joint_training_PDP0_to_PDP5,256,20,SGD,,0.01,256,,,
2028,6,0.0,algorithm1_particular_adaptation,0.36504268646240234,Algorithm1_iADMM_PDP0_to_PDP5,256,20,SGD,,0.01,256,1200.0,20.0,5000
2028,6,2.0,algorithm1_particular_adaptation,0.32131290435791016,Algorithm1_iADMM_PDP0_to_PDP5,256,20,SGD,,0.01,256,1200.0,20.0,5000
2028,6,4.0,algorithm1_particular_adaptation,0.27440929412841797,Algorithm1_iADMM_PDP0_to_PDP5,256,20,SGD,,0.01,256,1200.0,20.0,5000
2028,6,6.0,algorithm1_particular_adaptation,0.22641563415527344,Algorithm1_iADMM_PDP0_to_PDP5,256,20,SGD,,0.01,256,1200.0,20.0,5000
2028,6,8.0,algorithm1_particular_adaptation,0.1837921142578125,Algorithm1_iADMM_PDP0_to_PDP5,256,20,SGD,,0.01,256,1200.0,20.0,5000
2028,6,10.0,algorithm1_particular_adaptation,0.14636898040771484,Algorithm1_iADMM_PDP0_to_PDP5,256,20,SGD,,0.01,256,1200.0,20.0,5000
2028,6,12.0,algorithm1_particular_adaptation,0.11922836303710938,Algorithm1_iADMM_PDP0_to_PDP5,256,20,SGD,,0.01,256,1200.0,20.0,5000
2028,6,14.0,algorithm1_particular_adaptation,0.09753036499023438,Algorithm1_iADMM_PDP0_to_PDP5,256,20,SGD,,0.01,256,1200.0,20.0,5000
2028,6,16.0,algorithm1_particular_adaptation,0.08478546142578125,Algorithm1_iADMM_PDP0_to_PDP5,256,20,SGD,,0.01,256,1200.0,20.0,5000
2028,6,18.0,algorithm1_particular_adaptation,0.07615852355957031,Algorithm1_iADMM_PDP0_to_PDP5,256,20,SGD,,0.01,256,1200.0,20.0,5000
2028,6,20.0,algorithm1_particular_adaptation,0.07121658325195312,Algorithm1_iADMM_PDP0_to_PDP5,256,20,SGD,,0.01,256,1200.0,20.0,5000
2028,7,0.0,joint_particular_adaptation,0.39316749572753906,ordinary_joint_training_PDP0_to_PDP5,64,20,SGD,,0.01,64,,,
2028,7,2.0,joint_particular_adaptation,0.357696533203125,ordinary_joint_training_PDP0_to_PDP5,64,20,SGD,,0.01,64,,,
2028,7,4.0,joint_particular_adaptation,0.3227872848510742,ordinary_joint_training_PDP0_to_PDP5,64,20,SGD,,0.01,64,,,
2028,7,6.0,joint_particular_adaptation,0.28786468505859375,ordinary_joint_training_PDP0_to_PDP5,64,20,SGD,,0.01,64,,,
2028,7,8.0,joint_particular_adaptation,0.2585163116455078,ordinary_joint_training_PDP0_to_PDP5,64,20,SGD,,0.01,64,,,
2028,7,10.0,joint_particular_adaptation,0.23488235473632812,ordinary_joint_training_PDP0_to_PDP5,64,20,SGD,,0.01,64,,,
2028,7,12.0,joint_particular_adaptation,0.2173328399658203,ordinary_joint_training_PDP0_to_PDP5,64,20,SGD,,0.01,64,,,
2028,7,14.0,joint_particular_adaptation,0.20354843139648438,ordinary_joint_training_PDP0_to_PDP5,64,20,SGD,,0.01,64,,,
2028,7,16.0,joint_particular_adaptation,0.19635677337646484,ordinary_joint_training_PDP0_to_PDP5,64,20,SGD,,0.01,64,,,
2028,7,18.0,joint_particular_adaptation,0.1930837631225586,ordinary_joint_training_PDP0_to_PDP5,64,20,SGD,,0.01,64,,,
2028,7,20.0,joint_particular_adaptation,0.1877155303955078,ordinary_joint_training_PDP0_to_PDP5,64,20,SGD,,0.01,64,,,
2028,7,0.0,algorithm1_particular_adaptation,0.37567710876464844,Algorithm1_iADMM_PDP0_to_PDP5,64,20,SGD,,0.01,64,1200.0,20.0,5000
2028,7,2.0,algorithm1_particular_adaptation,0.3368387222290039,Algorithm1_iADMM_PDP0_to_PDP5,64,20,SGD,,0.01,64,1200.0,20.0,5000
2028,7,4.0,algorithm1_particular_adaptation,0.29883766174316406,Algorithm1_iADMM_PDP0_to_PDP5,64,20,SGD,,0.01,64,1200.0,20.0,5000
2028,7,6.0,algorithm1_particular_adaptation,0.2623310089111328,Algorithm1_iADMM_PDP0_to_PDP5,64,20,SGD,,0.01,64,1200.0,20.0,5000
2028,7,8.0,algorithm1_particular_adaptation,0.2312173843383789,Algorithm1_iADMM_PDP0_to_PDP5,64,20,SGD,,0.01,64,1200.0,20.0,5000
2028,7,10.0,algorithm1_particular_adaptation,0.20622539520263672,Algorithm1_iADMM_PDP0_to_PDP5,64,20,SGD,,0.01,64,1200.0,20.0,5000
2028,7,12.0,algorithm1_particular_adaptation,0.18463993072509766,Algorithm1_iADMM_PDP0_to_PDP5,64,20,SGD,,0.01,64,1200.0,20.0,5000
2028,7,14.0,algorithm1_particular_adaptation,0.1696176528930664,Algorithm1_iADMM_PDP0_to_PDP5,64,20,SGD,,0.01,64,1200.0,20.0,5000
2028,7,16.0,algorithm1_particular_adaptation,0.15934181213378906,Algorithm1_iADMM_PDP0_to_PDP5,64,20,SGD,,0.01,64,1200.0,20.0,5000
2028,7,18.0,algorithm1_particular_adaptation,0.15389347076416016,Algorithm1_iADMM_PDP0_to_PDP5,64,20,SGD,,0.01,64,1200.0,20.0,5000
2028,7,20.0,algorithm1_particular_adaptation,0.1483755111694336,Algorithm1_iADMM_PDP0_to_PDP5,64,20,SGD,,0.01,64,1200.0,20.0,5000
2028,7,0.0,joint_particular_adaptation,0.39363956451416016,ordinary_joint_training_PDP0_to_PDP5,128,20,SGD,,0.01,128,,,
2028,7,2.0,joint_particular_adaptation,0.3585090637207031,ordinary_joint_training_PDP0_to_PDP5,128,20,SGD,,0.01,128,,,
2028,7,4.0,joint_particular_adaptation,0.3219642639160156,ordinary_joint_training_PDP0_to_PDP5,128,20,SGD,,0.01,128,,,
2028,7,6.0,joint_particular_adaptation,0.285430908203125,ordinary_joint_training_PDP0_to_PDP5,128,20,SGD,,0.01,128,,,
2028,7,8.0,joint_particular_adaptation,0.25257301330566406,ordinary_joint_training_PDP0_to_PDP5,128,20,SGD,,0.01,128,,,
2028,7,10.0,joint_particular_adaptation,0.22433948516845703,ordinary_joint_training_PDP0_to_PDP5,128,20,SGD,,0.01,128,,,
2028,7,12.0,joint_particular_adaptation,0.2024211883544922,ordinary_joint_training_PDP0_to_PDP5,128,20,SGD,,0.01,128,,,
2028,7,14.0,joint_particular_adaptation,0.18488502502441406,ordinary_joint_training_PDP0_to_PDP5,128,20,SGD,,0.01,128,,,
2028,7,16.0,joint_particular_adaptation,0.17500591278076172,ordinary_joint_training_PDP0_to_PDP5,128,20,SGD,,0.01,128,,,
2028,7,18.0,joint_particular_adaptation,0.16977214813232422,ordinary_joint_training_PDP0_to_PDP5,128,20,SGD,,0.01,128,,,
2028,7,20.0,joint_particular_adaptation,0.16315937042236328,ordinary_joint_training_PDP0_to_PDP5,128,20,SGD,,0.01,128,,,
2028,7,0.0,algorithm1_particular_adaptation,0.36821556091308594,Algorithm1_iADMM_PDP0_to_PDP5,128,20,SGD,,0.01,128,1200.0,20.0,5000
2028,7,2.0,algorithm1_particular_adaptation,0.32523155212402344,Algorithm1_iADMM_PDP0_to_PDP5,128,20,SGD,,0.01,128,1200.0,20.0,5000
2028,7,4.0,algorithm1_particular_adaptation,0.2811250686645508,Algorithm1_iADMM_PDP0_to_PDP5,128,20,SGD,,0.01,128,1200.0,20.0,5000
2028,7,6.0,algorithm1_particular_adaptation,0.23893165588378906,Algorithm1_iADMM_PDP0_to_PDP5,128,20,SGD,,0.01,128,1200.0,20.0,5000
2028,7,8.0,algorithm1_particular_adaptation,0.20048236846923828,Algorithm1_iADMM_PDP0_to_PDP5,128,20,SGD,,0.01,128,1200.0,20.0,5000
2028,7,10.0,algorithm1_particular_adaptation,0.16790390014648438,Algorithm1_iADMM_PDP0_to_PDP5,128,20,SGD,,0.01,128,1200.0,20.0,5000
2028,7,12.0,algorithm1_particular_adaptation,0.14056396484375,Algorithm1_iADMM_PDP0_to_PDP5,128,20,SGD,,0.01,128,1200.0,20.0,5000
2028,7,14.0,algorithm1_particular_adaptation,0.12129402160644531,Algorithm1_iADMM_PDP0_to_PDP5,128,20,SGD,,0.01,128,1200.0,20.0,5000
2028,7,16.0,algorithm1_particular_adaptation,0.10877227783203125,Algorithm1_iADMM_PDP0_to_PDP5,128,20,SGD,,0.01,128,1200.0,20.0,5000
2028,7,18.0,algorithm1_particular_adaptation,0.10081100463867188,Algorithm1_iADMM_PDP0_to_PDP5,128,20,SGD,,0.01,128,1200.0,20.0,5000
2028,7,20.0,algorithm1_particular_adaptation,0.09477901458740234,Algorithm1_iADMM_PDP0_to_PDP5,128,20,SGD,,0.01,128,1200.0,20.0,5000
2028,7,0.0,joint_particular_adaptation,0.39354801177978516,ordinary_joint_training_PDP0_to_PDP5,256,20,SGD,,0.01,256,,,
2028,7,2.0,joint_particular_adaptation,0.3586301803588867,ordinary_joint_training_PDP0_to_PDP5,256,20,SGD,,0.01,256,,,
2028,7,4.0,joint_particular_adaptation,0.32188892364501953,ordinary_joint_training_PDP0_to_PDP5,256,20,SGD,,0.01,256,,,
2028,7,6.0,joint_particular_adaptation,0.28553295135498047,ordinary_joint_training_PDP0_to_PDP5,256,20,SGD,,0.01,256,,,
2028,7,8.0,joint_particular_adaptation,0.2521839141845703,ordinary_joint_training_PDP0_to_PDP5,256,20,SGD,,0.01,256,,,
2028,7,10.0,joint_particular_adaptation,0.22293949127197266,ordinary_joint_training_PDP0_to_PDP5,256,20,SGD,,0.01,256,,,
2028,7,12.0,joint_particular_adaptation,0.20058631896972656,ordinary_joint_training_PDP0_to_PDP5,256,20,SGD,,0.01,256,,,
2028,7,14.0,joint_particular_adaptation,0.18234825134277344,ordinary_joint_training_PDP0_to_PDP5,256,20,SGD,,0.01,256,,,
2028,7,16.0,joint_particular_adaptation,0.17200374603271484,ordinary_joint_training_PDP0_to_PDP5,256,20,SGD,,0.01,256,,,
2028,7,18.0,joint_particular_adaptation,0.16654491424560547,ordinary_joint_training_PDP0_to_PDP5,256,20,SGD,,0.01,256,,,
2028,7,20.0,joint_particular_adaptation,0.15973281860351562,ordinary_joint_training_PDP0_to_PDP5,256,20,SGD,,0.01,256,,,
2028,7,0.0,algorithm1_particular_adaptation,0.3638877868652344,Algorithm1_iADMM_PDP0_to_PDP5,256,20,SGD,,0.01,256,1200.0,20.0,5000
2028,7,2.0,algorithm1_particular_adaptation,0.31850147247314453,Algorithm1_iADMM_PDP0_to_PDP5,256,20,SGD,,0.01,256,1200.0,20.0,5000
2028,7,4.0,algorithm1_particular_adaptation,0.27140331268310547,Algorithm1_iADMM_PDP0_to_PDP5,256,20,SGD,,0.01,256,1200.0,20.0,5000
2028,7,6.0,algorithm1_particular_adaptation,0.2255239486694336,Algorithm1_iADMM_PDP0_to_PDP5,256,20,SGD,,0.01,256,1200.0,20.0,5000
2028,7,8.0,algorithm1_particular_adaptation,0.18335723876953125,Algorithm1_iADMM_PDP0_to_PDP5,256,20,SGD,,0.01,256,1200.0,20.0,5000
2028,7,10.0,algorithm1_particular_adaptation,0.1486530303955078,Algorithm1_iADMM_PDP0_to_PDP5,256,20,SGD,,0.01,256,1200.0,20.0,5000
2028,7,12.0,algorithm1_particular_adaptation,0.1192626953125,Algorithm1_iADMM_PDP0_to_PDP5,256,20,SGD,,0.01,256,1200.0,20.0,5000
2028,7,14.0,algorithm1_particular_adaptation,0.09926795959472656,Algorithm1_iADMM_PDP0_to_PDP5,256,20,SGD,,0.01,256,1200.0,20.0,5000
2028,7,16.0,algorithm1_particular_adaptation,0.08612060546875,Algorithm1_iADMM_PDP0_to_PDP5,256,20,SGD,,0.01,256,1200.0,20.0,5000
2028,7,18.0,algorithm1_particular_adaptation,0.07845020294189453,Algorithm1_iADMM_PDP0_to_PDP5,256,20,SGD,,0.01,256,1200.0,20.0,5000
2028,7,20.0,algorithm1_particular_adaptation,0.0727396011352539,Algorithm1_iADMM_PDP0_to_PDP5,256,20,SGD,,0.01,256,1200.0,20.0,5000
